CASE_DESCRIPTION,CASE_TYPE,TITLE,LANGUAGE,SOURCE_FILE,LLM_Classification
"At 09.49:33.913 GT Tripped due to humming event caused by low gas pressure from the PRS.  Low gas pressure recorded at the PRS due to ESD system operation closing the inlet ESD valve XV4002 and pressure reduction skid valve XV4480.
Scada system alarms showed ESD system operated due to PRS common hand switch operated, (PRS\ESD\UA4002) and ESD trip from CDC control room (PRS\ESD\HS4002C) receipt of this alarm would indicate that the operator himself had activated the PRS trip by pushing the emergency trip button in the plant MCR This cannot of been the cause of the PRS trip due to the operator not pressing the push button in the MCR, this was witnessed by gas operations as they were present in the control room when the ESD system tripped. whilst the gas pressure supply to CDC did fall the cause of the unit trip was from combustion instability (humming). it is recognised  that the low gas pressure would have tripped the GT by activation of the low gas pressure trip signals however on this occasion 'Humming' occurred operating the MAX 3 protection trip before the low gas pressure trip signals were received. The load at the time of the trip was 414MWgen (full load in 'OTC operation).",Process Safety,GT Trip from PRS ESV’s closing,English,RW_ACTUALS_English.csv,Process Safety
"During Production plant checks it was noticed that the section of the HRSG South East walkway at the 19m level in the region of the LP circ pumps was extremely hot, upon further investigation a split was identified within the HRSG casing resulting in the lagging being blown out and exhaust gasses at extreme high temperatures leaking into the area. SAP notification 21495373 refers. 

As a result of the leak, instrument cables supplying the LP circ pump differential pressure transmitters have been damaged causing the pumps to trip.  A SIM has been raised to prevent the pumps from tripping and a unit run back occurring. SIM 21495433 refers.",Process Safety,"Unit 4 South East 19m level HRSG casing split, exhaust gasses at extreme temperatures escaping into the HRSG building.",English,RW_ACTUALS_English.csv,Process Safety
"At 13:09.52secs we received an alarm on sync comp ASD 01BRU01CE001 01BRU01CE002 01BRU01CE003 stat inverter faults which is a low frequency warning, and at 13:09.58sec CDC Generator CB opened and unit tripped. 
Informed Uniper traders front desk immediately of trip and MEL'd the unit to Zero and informed national Grid of trip, and he confirmed a low frequency on the system. 
Upon initial look at the screens, the GT trip has occured a >max 3 humming event, adding 15 secs to acceleration monitoring timer and accl mon combustion chamber inspection is now due, Production manager informed and  SLT informed. 
Also The ROMS informed to look into logic/ events leading to unit trip also.",Process Safety,low frequency alarm followed by Unit trip,English,RW_ACTUALS_English.csv,Process Safety
OPC2 incoming vcb found tripped following discrepancy on No2 fuel oil pump and No.3 failed to start. OPC2 transformer charged no obvious cause of trip.  Resultant situation that we are reliant on only one fuel oil pump,Process Safety,PSO - Fuel oil OPC2 switchboard 415v incoming VCB tripping,English,RW_ACTUALS_English.csv,Process Safety
"During the loading of the unit, the Generator high level liquid alarm came up followed by the high high resulting in a Unit trip. Liquid (seal oil) had been carried over.",Process Safety,Unit 4 trip due to Generator high Liquid Level,English,RW_ACTUALS_English.csv,Process Safety
UPQ Sulphuric acid was found not making a difference to pH following tanker replacement.After the pumps where in service for a short period it was found that the dosing injection point on the make up pipe had failed. Dosing immediately stopped and discharge pipework isolated. Pipework currently self purging by make up water being drawn through pipework failure.,Process Safety,Acid dosing valve connection leak,English,RW_ACTUALS_English.csv,Process Safety
"Coming on to shift in the morning it was noted that U6 BFP No.2 had developed a discharge v/v gland leak, the unit was due to 2shift overnight and it was decided the safest way to carry out a forced changeover was offload overnight. Around 15:00 we had a phone call from UGC (energy trading) to advise that the unit would be running through overnight. With this new change in commercial running and the fact that the leak was deemed to be deteriorating, the decision was made to try a forced changeover of the feed pumps while the unit was onload but in a steady state. at around 16:10 the changeover was initiated placing BFP No. 2 in service, at which point both feed pumps tripped and the unit PLST'd .",Process Safety,"U6 PLST Feed Pump Trip On Forced Changeover
LT - Extended to allow RCA 21/08/2023 - Analysis if information required for RCA extended 10/11/23",English,RW_ACTUALS_English.csv,Process Safety
CDC tripped due to a loop fault of the control roomemergency trip button HS4002C that caused the gas supply at PRS to shutoff . The pressure dropped from 30.8 bar to 26.6 bar in approx 20 secs which caused a ARGUS humming >max 3 event. This case is been investigated on case 39156,Process Safety,CDC Full Load Trip due to loss of Gas Pressure at PRS,English,RW_ACTUALS_English.csv,Process Safety
"At approx. 11:30 a call was received from Penspen ( Our Gas pipeline maintenance contractor)  that there was a potential gas leak at the GLNG AGI. On inspection it was confirmed there was evidence (ice forming on the ground) of an underground leak.
Incident Board started.
Relevant contractors informed by Engineering
18:00 - Chris Shoulders GLNG contacted Control Room. On recommendation from NTS, the Station should shut down due to the temperature stress on the pipe -30deg C",Process Safety,"Fuel Gas pipeline leak
Awaiting  Central Team RCA - Extended 15/08/2022",English,RW_ACTUALS_English.csv,Process Safety
"The Mikro-fill Ethos 550 boilers in Cottam PRS AGI boiler house  BLR4001 , BLR4002 , BLR4003 exhaust flues are leaking condensation when they are cooling down after been  operational  at the elbow joints on the flues. Combustion exhaust gases can be detected  within 0.3 metre of the joints on  a personal gas monitor.",Process Safety,Cottam PRS AGI  Mikro-fill Ethos 550 boilers exhaust flue leaks.,English,RW_ACTUALS_English.csv,Process Safety
"At 13.20 on Friday 18th February 2022 the integrity of Unit 7 Chimney Stack failed in high winds. The chimney stack collapsed and folded at a height of approx. 35-40m onto the corner of the HRSG roof, causing the top of the stack to collapse down the north side of the building in between Unit 7 and Unit 6.
Unit 7 GT Trip Push Button was initiated from the CCR at 13.21.
Unit was shut down as safely as possible with the GT & ST going On Barring. U61 was also shutdown in a controlled manner as a precaution, whilst U81 was already non operational due to Outage activities progressing.
A full site evacuation was ordered, with all site personnel and contractor workers being fully accounted for. There were no reported injuries or off site local impacts as a result of the collapse.

This incident occurred during storm Eunice, with a red weather warning Met Office alert having been issued earlier that day (having already been upgraded from an Amber alert issued the previous evening). Site had already implemented the high winds procedure which restricted any external work activities. This measure was agreed and communicated following the morning meeting performance dialogue. At approx. 12:00 hrs, as a further control measure all non essential works were ceased on site, with all contractor workers being stood down and returning to their respective office/messroom facilities.",Process Safety,U7 Chimney Stack integrity failure (external RCA in progress - (EXTENDED 31/12/2022 Panel of Enquiry) 14/10,English,RW_ACTUALS_English.csv,Process Safety
"Whilst undertaking commissioning of U7 following a GT outage, the unit was running in Bypass mode.
The HP Bypass lost it's position indication, on close inspection at the valve the bolts securing the Actuator to the valve were loose and spinning and the feedback linkage arm had come off.
On closer inspection there was also excessive vibration around the downstream thermocouples.",Process Safety,HP Bypass Shaking apart,English,RW_ACTUALS_English.csv,Process Safety
"A bad gland leak was noticed on HP separator valve 10HAG1AA004. The leak was noticeably worse when the valve opened.
It was decided that the leak was sufficient that the module would be brought off load within the Energy Trading gate closure.",Process Safety,Gland leak from HP Separator valve 10HAG10AA004.,English,RW_ACTUALS_English.csv,Process Safety
Unit trip from loss of condensate extraction pump.,Process Safety,CDCL Unit Trip,English,RW_ACTUALS_English.csv,Process Safety
"At 18:40h the Smoke alarm activated for the new environmental kiosk UBA84 and P Clifton immediately left the control room to investigate. on route to the kiosk the fire alarm activated at 18:45h
On immediate investigation the environmental monitoring sampling pump 10QUW12AP001 found to be smoking and as the smoke cleared from around the area the fumes/vapors ignited with intermittent flaming evident. Pump taken out of service and CO2 fire extinguisher discharged. Area vented and cleared of smoke. Pump local electrical supply switched off. CDC control room called at 18:47h to report the situation.
The golden hour was maintained with Calles to G Polson at 19:01h and S Noble at 19:20h to report the problem.
Plant area remains in a safe condition pending a investigation.",Process Safety,CW purge Sample pump failure,English,RW_ACTUALS_English.csv,Process Safety
GT2 - Excessive smoking from engine cell during RTS run,Process Safety,"Ops Loss - GT2, Excessive smoking from engine cell during RTS run",English,RW_ACTUALS_English.csv,Non-Process Safety
"During electrical switching damage has occurred to the Auxiliary Transformer, this incident also then tripped the Unit 1 400kv system.",Process Safety,Gas Treatment Plant (GTP)    N1304/1 Auxiliary Transformer incurred electrical damage during switching.,English,RW_ACTUALS_English.csv,Process Safety
"There were no DCS alarms from the AGI to the CCR to draw the operator's attention to the evolving issue at the AGI. This resulted in 2 hours of confusion/investigation and ultimately led to the unit being shutdown when it otherwise may have been able to stay on had the problem been highlighted. 

Operations are blind to any issue at the AGI due to the lack of CCTV and CCR alarms. The ESD had tripped shut while the unit was on and the UPS power back up was not adequate during the power cut but at no point was there anything to alert someone at Enfield. This is a process and safety issue.",Process Safety,No AGI alarms to the DCS during UPS failure/ESD trip,English,RW_ACTUALS_English.csv,Process Safety
GT4 tripped on Power Turbine cooling air temperature Hi Hi,Process Safety,Ops Loss - GT4 trip,English,RW_ACTUALS_English.csv,Process Safety
U2 Mel reduced from 500 to 450MWso from 20:00 to 24:00hrs 26/8/20 due to high outlet dust.,Process Safety,Operational loss - U2 High outlet dust,English,RW_ACTUALS_English.csv,Non-Process Safety
"U1 tripped at 01:06hrs 16/07 - lead up to event: A1 Gov valve tripped at 00:55 HSU pressure low on A & B sides, HSU duty C/O initiated. A2, B1 & B2 Valve gear was swinging erratically. HSU discharge pressure remained low, Both Side HSU pumps in service. A1 Gov valve was reset and a manual open initiated, prior to A1 valve opening the HSU emergency shutdown alarm initiated and then the Turbine Master Trip. HSUs & valve gear was tested and Unit made available and synch at 05:18hrs.",Process Safety,Operational Loss (Not process safety),English,RW_ACTUALS_English.csv,Process Safety
"U1 Mel’d to zero Mon 27th Aug 04:00 – 18:00hrs due to lack of Gland Steam desuperheater cooling water to control turbine HP Diff, run-up abandoned following Hot Standby instruction",Process Safety,Operational loss - U1 run-up abandoned,English,RW_ACTUALS_English.csv,Process Safety
"U2 FGD Booster fan would not go in service due to the close over travel fault standing & not allowing opening of Booster fan blades. The supply valve to the moog valve would not open, C&I forced this valve open on Ovation. Suspect this fault may be an legacy from the FGD UPS tripping earlier in the day. We had to MEL the unit down due to SO2 not being removed.
BOAI instruction to 380MW had to MEL unit to 230MW
- this OIT is to investigate the UPS issue",Process Safety,Operational loss - U2 booster fan: UPS issue,English,RW_ACTUALS_English.csv,Process Safety
Ammonia Plant tripped due to comms failure between primary and secondary BPCS and SIS PLC's,Process Safety,Operational Loss - Ammonia Plant Comms Trip,English,RW_ACTUALS_English.csv,Process Safety
"We will have to defer the Trevi test on U3 24/09/2019 due to being unable to light oil burners after boiler purge. 
Incident started at 22.30 on 23/09/2019.
Initial investigation found that all interlocks were OK apart from Gas pressure which we were unable to override, although local pressure indication appeared normal.",Process Safety,"Operational loss - U3 to light oil burners
after boiler purge",English,RW_ACTUALS_English.csv,Process Safety
GT2 output restricted to 14MW due to GET thermocouples reading 622 (throttle limiter).,Process Safety,Op Loss - GT2 output restricted,English,RW_ACTUALS_English.csv,Process Safety
On inspecting the star bearing oil drain on the plant checks it was noticed open flames on the surface of the GT at 18.10 where the drain line exits the GT star bearing. This is contained within a specific area.,Process Safety,GT Star bearing small external fire,English,RW_ACTUALS_English.csv,Process Safety
"Unit 1 - Generator Transformer cable sealing end bushing flash over caused trip.
consequently caused unit 2 ID fan VSDs to trip, causing a 1hr delay in unit 2 coming on load.",Process Safety,PSI - U1 Generator Transformer trip,English,RW_ACTUALS_English.csv,Process Safety
Plant tripped shortly after 'B' vapouriser was put in service at 13:00. The vapouriser outlet temperature dropped to 10oC  due to both outlet temperatures being deselected on the 22nd.,Process Safety,PSO - Ammonia plant trip,English,RW_ACTUALS_English.csv,Process Safety
"During investigation into poor dosing performance of the cooling water system sodium hypochlorite dosing system, shift operator carried out visual inspection of dosing pipework to ensure all associated valves were in the correct state. On disturbance of a velcro attached lagging mat to allow closer inspection, the plastic dosing delivery pipe separated at a solvent weld joint.",Process Safety,Sodium hypochlorite dosing pipe failure.,English,RW_ACTUALS_English.csv,Process Safety
"11 Oct 2022 Morning time : Enfield CCGT unit was on base load at appx. 390 MW

11;20 Duty shift operation technician during his second plant checks, noticed oil puddle in steam turbine basement ; On closer inspection also found oil spraying from Steam Turbine IP valve at North Side. 

Followed the leak to Turbine floor: Oil was found to be spraying from test pressure gauge on ST IP Stop Valve North Side.
 
Oil leak was immediately contained, REMIT declared & informed traders, Steam turbine controlled shutdown carried out, informed engineering and security gatehouse to prepare for evacuation & rollcall if required

Oil leak stopped once the steam turbine IP Stop Valve shut, Engineering team investigated, found test pressure gauge bourdon tube ruptured and oil leaking out from the damaged bourdon tube. Removed the pressure gauge, rectified oil leak 

Leak from hot surfaces and surrounding areas then cleaned, pipes lagging inspected and claddings cleaned from leaked & accumulated oil in lagging insulation,  

Gas turbine was kept ON during this time on bypass mode. Once the oil leak was rectified, REMIT declared and unit was brought back to base load.",Process Safety,Steam Turbine IP Stop Valve  (North) Power oil leak,English,RW_ACTUALS_English.csv,Process Safety
Valve 10LAB20AA151gland blown out. area barried off and leak monitored for deteariation. Unit was taken off load following issues with feed pump indication failure due to water ingress.,Process Safety,Valve 10LAB20AA151gland blown out.,English,RW_ACTUALS_English.csv,Process Safety
U1 FGD inlet damper had been closed as per guidance for start-up on a cold unit. When the damper was required to be opened just prior to sync. it failed to progress through its sequence. Attempts were made to manually open the damper but it appears that the B side torque switch has operated and is preventing the control system from allowing the drive to start. Several attempts made to clear torque alarm / trip but still unable to get the sequence to continue on remote or local. Unit MEL'd to zero.,Process Safety,Operational loss - FGD Inlet damper failing to open.,English,RW_ACTUALS_English.csv,Process Safety
"At 23:08, there was an electrical fault on the system that caused Synch Comp units 10 and 20 to trip.  All faults reset and Synch Comp Units back in operation at 23:38. Investigation required to why units tripped off.",Process Safety,Killingholme Synch Comp Units Tripped,English,RW_ACTUALS_English.csv,Process Safety
"Unit was on start up and load was approximately 50Mw, when Unit  tripped on Steam Turbine vibration. Potential of small loss of mass.",Process Safety,Unit 2 Trip due to blade snubber failure.,English,RW_ACTUALS_English.csv,Process Safety
"The EDL system had gone down due to a significant network failure within the company including UGC. Being unable to enter the reduced MEL and UGC being unable to enter the MEL or reduce the PN for us, we incurred Significant Incidents from NGC for being 100Mw adrift of our PN and MEL. Eventually Siemens entered the MEL for us but not until 10:30hrs, with the EDL system down we had to receive telephone instructions for load drops to 350MW on Unit 1 and Unit 4, on EDL these will be seen as both units being 150Mw from their PN’s. As well as incurring significant incidents from NGC, there would have been significant imbalance across both unit’s and the loss of potential BOA’s or ancillary services costing us potential income.
The EDL system returned to us at 10:50 hrs when UGC informed us that their system had returned. For the record, the Nisoft system failed at the same time, this significantly impacted on us producing safety documents for the works to be carried out on the returning units, especially Unit 4 ‘A’ Coal Feeder.",Process Safety,Operational loss - EDL failed,English,RW_ACTUALS_English.csv,Process Safety
"Unit was starting up for commissioning purposes following an outage, at approx. 06:30 a smoke detector was set off in the turbine hall, on further investigation steam was found leaking from the lagging around one of the HP warming drains in the ADV pit.",Process Safety,ADV pit steam leak,English,RW_ACTUALS_English.csv,Process Safety
"On run up this morning the steam turbine tripped at 44Hz due to low reheat steam temperature. Steam turbine had to slowed using the E shaft vac valve. On re run off the steam turbine program the step sequence faulted at step 18,This has led to believe to be the start up device. This is infact the steam turbine program looking for X5 which is lost, the Start up device appears to be a red herring. We found that even if the steam turbine is selected to fast from a trip it still looks for X5 positive which is not the same criteria of a HOF start. Hence the start up device is not the issue. Defects have been entered for the reheat thermocouples reading low.",Process Safety,Steam Turbine Trip on Run up,English,RW_ACTUALS_English.csv,Process Safety
"During trials to minimise NDZ time the condensate extraction pump tripped due to the condensate polishing plant not being correctly primed. The cause of this being defective valves. This delay, along with I bottle level control made the unit late for synchronisation",Process Safety,Late Synchronisation due to NDZ testing,English,RW_ACTUALS_English.csv,Process Safety
"Operator went to deisolate diesel fore pump after maintenance and upon inserting neutral battery link, it arced and burnt out starter motor.",Process Safety,Damage of equipment on Diesel Fire Pump,English,RW_ACTUALS_English.csv,Process Safety
"U2 MBFP tripped during overspeed bolt test.
Unit was at 460MW and the Bypass plunger was exercised 3 times as advised by the turbine team. Repeated test after pump was back I/S and test went ok.",Process Safety,Operational Loss - U2 MBFP tripping during overspeed bolt tests,English,RW_ACTUALS_English.csv,Process Safety
"Mod 2 received an instruction to run under its current STOR contract. GT 21 failed to start, problem tracked to gas ESV 2 failure to open. MEL reduced to reflect GT unavailability.",Process Safety,Loss of availability Module 2 GT 21,English,RW_ACTUALS_English.csv,Process Safety
"02:15 Plant loading up from 3356MW BOA to 410MW PN
02:50 Prior to the event there was a rise in 18MAD20CY022 to 172um (which also happened on Sunday when there was a similar IP CV issue). This dropped right off once the plant load was stable
02:50 ST sequencer alarms received.
02:57 IP CV north started to open and close erratically.
Local observations were unable to prove that the valve was physically moving, however:
the IP drum level started to rise, 
the LP system pressure increased to alarm value, 
the plant load had become unstable,  
the IP CV south started to move in response to the IP CV norths position,
18MAB10CP001 pressure of steam IP inlet was unstable,
LP by-pass opening and LP drum level falling,
The Vickers card panel was displaying a intermittent flashing red light,
Decided to drop load to 230MW to stabilise the plant and avoid possible trip.

03:26 Called Trading to REMIT MEL down to 230MW until 06:00
03:29 Called CH
03:48 Plant at 230MW and stable - Both IP CV's open at 100% and IP and LP by-passes closed.
03:56 Called Trading to REMIT MEL to 230MW until 12:00.",Process Safety,IP CV North loss of control,English,RW_ACTUALS_English.csv,Process Safety
During BOFA checks discrepancies with CO instrumentation suspected. Further checks made which confirmed U3 A and B instruments displayed the opposite way round.,Process Safety,Operational Loss,English,RW_ACTUALS_English.csv,Process Safety
"U4 PA master, sprays and firing control began to swing. PA master tripped to emergency manual, which tripped all mills and FD fans to emergency manual. Unit operator tripped E mill and Control Engineer manually increased load to prevent safety valves lifting. All controls returned to auto when unit settled down and limit put on PA master to prevent reoccurrence. Loss of 90mW for approx. 20 minutes",Process Safety,Operational Loss,English,RW_ACTUALS_English.csv,Process Safety
U3. On unit shutdown B1 BLR stop BP valve actuator shear pin broke - actuator still operated and reached closed limit but valve was still open - this was picked up by the AUO during the off load checks. B1 leg suffered chilling effect which required extra firing time and drainage on RTS. An extra 10-15 mins was added to the normal start up time but this was insufficient to balance the temperatures prior to sync. A further 15 mins was required causing a 20 min delay in unit sync.,Process Safety,Operational Loss,English,RW_ACTUALS_English.csv,Process Safety
"U4 B FD Fan flow indication reading faulty, FD fan controls tripping to manual due to split between A & B sides. FGD tripped prior to operator taking corrective action. FGD back in service and repairs to FD fan flow indication in progress",Process Safety,Operational Loss,English,RW_ACTUALS_English.csv,Process Safety
"U3 Mel re-declared to 350MWso from 06:55 - 07:10hrs, Suspect Cutlass Target 5 faulty. FD fans, G & H PA Fan DVC & BOFA tripped to manual, causing temporary Boiler issues.
Situation quickly stabilised MEL returned to 490MWso. U3 continued to operate on Manual (2 Operators on desk) until issues resolved",Process Safety,Operational Loss,English,RW_ACTUALS_English.csv,Process Safety
"Van delivering to PES has struck the gate while it was opening causing damage to the gate, gate opening mechanism and site fence components",Process Safety,Damage to PES gate - Struck by Delivery Van,English,RW_ACTUALS_English.csv,Process Safety
U4 FGD Booster Fan Blades failed to move on start up,Process Safety,Operational Loss,English,RW_ACTUALS_English.csv,Non-Process Safety
"SAP notification 21300702 raised 23/03/2019. Associated work order 1180821915. Steam leak from impulse line feeding CNC-03-FSR-051A-LT under walkway level is quite severe, on bend of impulse line. Material failure, impulse line has no joints or welds. Photo's attached.",Process Safety,Level transmitter impulse line steam leak.,English,RW_ACTUALS_English.csv,Process Safety
"Whilst doing over speed testing on both units, 3B tripped on excessive ECT on start up. Subsequent starts on this end resulted in the same fault. Investigations followed.",Process Safety,High light off temperatures on start up on Unit 3B,English,RW_ACTUALS_English.csv,Process Safety
"Following U4 synch this evening (Schedule 7): The Unit was MEL’d to 70MWso from 22:42hrs –23:00hrs (Due to Milling plant issues and subsequent high Boiler metal temperatures).
Once the Milling plant issues were resolved, the load was increase and superheat sprays put in service to bring the S/htr metal temperatures under control. The Mel was returned to normal",Process Safety,Operational loss,English,RW_ACTUALS_English.csv,Process Safety
"U4 FGD tripped due to bypass damper diff pressure, blades would not operate due to MOOG unit sticking.",Process Safety,Operational Loss (non-process safety),English,RW_ACTUALS_English.csv,Process Safety
"U4 FGD tripped at approx. 04:27hrs after the 3.3KV FSD feeding G swicthboard tripped. On investigation it was found that the trip was caused by a timed earth fault on the 415V board.
Unit had to be taken off load for environmental constraints for SO2. MEL'd to zero from 05:02 currently until 12:00hrs 13/07",Process Safety,Operational Loss,English,RW_ACTUALS_English.csv,Process Safety
"U1 received a schedule 7 to sync at 21:20hrs 15/07/19, the Unit was 24 minutes late due to the valve gear not changing over at >2700. Boiler pressure was increased to >80bar with no effect. 
Machine speed was reduced and valve gear changed over. Machine was run up and synchronised",Process Safety,Operational loss (not process safety),English,RW_ACTUALS_English.csv,Process Safety
"GT4 was called to cut in on falling frequency, the GT ran up and sychronised, after 10 secs the GT tripped on the fuel pump VSD 110V DC under-voltage",Process Safety,Operational Loss (not process safety),English,RW_ACTUALS_English.csv,Process Safety
"Networks connections lost at 15:30 effecting EDL, Gas
Scada and CDC's kill Scada, some internal and external
phone lines and various other systems SAP, Nisoft, email
and operlog. Phone call received from T Systems
International to inform us that that the remote repair had
not been successful, needs UK Engineer to attend site (
lives 3 hours away)",Process Safety,Loss of Networks,English,RW_ACTUALS_English.csv,Process Safety
U4 Boiler Recirculation Pump/System failed to start when Unit came off load.,Process Safety,OIT - Operational loss (Not process safety),English,RW_ACTUALS_English.csv,Process Safety
On Friday afternoon W1 consent instrument – flow indication was lost,Process Safety,Operational loss - W1 flow instrument,English,RW_ACTUALS_English.csv,Process Safety
"U3 SO2 removal – New IED Emission Limits breached
U3 ran on three occasions this week, on each occasion it failed to meet the New IED limits that we were driving to <200mg/M3
Loads >450MWso SO2 O/L was in the region of circa 350mg/M3 – FGD was being operated as per instructions 5 recycle pump & LLF I/S etc.
The PH pot flush v/v was confirmed not to be passing & the PH instrumentation appeared ok",Process Safety,Operational loss (not process safety) - IED limits,English,RW_ACTUALS_English.csv,Process Safety
"U1 Boiler Recirc pump tripped/came out of service on Sat 07/03 @ 08:20 hrs with no abnormal alarms received, we were unable to restart the pump because when the pump was found out of service on a panel check, we were just outside of the 2.5hr window where we allowed restart it.
We have done some preliminary investigations and it appears the pump shut down around the time we were carrying out our routine weekend checks.
The particular checks in question involve us pressing the A & B side drum hydrastep level check alarm test buttons that are located on the Unit ESD panel, to confirm the alarm works.
We have carried out a controlled test and it appears that if both A & B side hydrasteps level buttons are tested at the same time, or in quick succession (both alarms up at the same time) this then takes the pump out of service on a drum low level (drum level low should trip the pump under normal conditions), however if the hydrasteps are tested one at a time then the pump remains in service. No alarms are received to indicate the recirc pump has tripped.",Process Safety,Operational loss (not process safety) - U1 Boiler recirc pump tripped / came out of service,English,RW_ACTUALS_English.csv,Process Safety
"Unit was at full load to a PN when the lube oil tank low level < MIN 1 alarm became active, also it was reported at the same time from Pete Kingbrooks of oil running down the wall under the generator. The Oil spill was contained and on investigation the leak was found to be coming from the steam turbine HP Stop Valve power oil drain line that had fractured from the valve Swagelok connection.",Process Safety,U8 ST HP Stop V/V PO Drain Line Fracture,English,RW_ACTUALS_English.csv,Process Safety
Leak on U1 SRA system releasing cooling water into the condenser pit,Process Safety,U1 SRA Pipe Leak,English,RW_ACTUALS_English.csv,Process Safety
"On 1st August 2020 CO2 in the fire suppression tank warmed and increased in pressure sufficiently to lift the pressure safety valve at 25 Bar and -12OC. On investigation the cooling compressor and fan were found not running. Various electrical and mechanical checks were performed to identify the reason for the non-running cooling system, finally a reset button on the compressor control pressure switch rectified the fault and the CO2 began to cool again. At 16:00 on the same day a subsequent check found that although the pressure and temperature had dropped to -15OC and 22 Bar, ice formed under the safety valve seat during its lifting had caused the valve to not correctly seat and loose further CO2 to a mass of 7.2 tonnes. The minimum mass required to protect the unit during operation is 8.0 tonnes so the unit was broken down until a delivery could be arranged.",Process Safety,U4 Fire Suppression CO2 Tank low level,English,RW_ACTUALS_English.csv,Process Safety
"U4 return to service, G and H mill groups were not able to be used due to a fault standing on the tempering air damper Process Variable PV) and set points showing bad value/magenta, also F group B side sec air damper would not open. Unit re-declared to 410 MW (5 mill availability).",Process Safety,Operational Loss,English,RW_ACTUALS_English.csv,Non-Process Safety
"During a routine water treatment plant stream regeneration it was found that acid had leaked from the system into the acid bund. The process was immediately stopped, and isolation valves closed. The acid within the bund was fuming off at this point making it difficult to approach the area, but estimations of level was about 3-4mm. Personnel withdraw from the area and opened exterior doors to provide some ventilation.
Email sent to all members of staff advising of the situation and asking them to cascade this to their direct reports and contractors.
After some discussion on the way forward and a Dynamic risk assessment had been carried out, an Operation Technician donned suitable PPE and respirator and re-entered the WTP room and pumped out the bund into the main sump. The bund was then washed down and pumped into the main sump, ready to be sent to the neutralisation tank.
The cause of the leak is suspected to be vent from the double block and bleed valve. There was no evidence of wet on the motor support plate or surrounding pipework.",Process Safety,Acid leak in acid bund,English,RW_ACTUALS_English.csv,Process Safety
"During Commissioning, following a planned maintenance outage to replace the main gas valve at the Burton Point Terminal (HV74) it was noticed that the gas pipeline pressure had fallen over a period of 12hrs. Upon closer investigation there was evidence of freezing on the shuttering of the excavation for the main gas valve replacement. The party sent to investigate also had a personal gas monitor and this indicated the presence of gas local to the affected area.",Process Safety,Burton Point AGI Pig Trap indicator 4 bolt flange leak.,English,RW_ACTUALS_English.csv,Process Safety
Gas Turbine Expansion Joint is leaking on the top section South side.,Process Safety,Unit 1 GT 010 Expansion Joint leaking.,English,RW_ACTUALS_English.csv,Process Safety
"After BOAI run, GT12 shut down OK, but several feedback signal alarms received from ESV2. Personnel unable to resolve, so GT12 declared unavailable from 23:11. Fault found following morning, rectified & GT made available at 09:00.",Process Safety,GT12 - Loss of Availability. ESV2 Feedback Signals.,English,RW_ACTUALS_English.csv,Process Safety
"U4 was called for Hot Standby, had NGC have taken Ratcliffe we would not have been able to synch to plan due to the loss of boiler firing and repeated boiler purges",Process Safety,Operational Loss,English,RW_ACTUALS_English.csv,Process Safety
"Unit operations staff were unaware that the there had been a PN entered for CDC to Sync to the Grid at 16.00. Operations team had been told that the Unit was standing in the BM all day and had not had any communication with the Uniper trading team. There was also no display to indicate the sync time on the GPMS screen.
Whilst carrying out other duties the operations team noticed that the GPMS display was displaying a sync time. Contact was immediately made with the Uniper trading team who confirmed that the PN was indeed correct. They also stated that the PN had been entered the previous day. 
Trading team informed of the error and told that the unit would be one hour late. The unit eventually synced to the Grid at 16.55 (55 minutes) late. 
After several attempts the operations team managed to reboot the GPMS browser and the problems were reported to the Siemens team.
Reference number 13205280 obtained and emails sent to the relevant parties. Neil Griffin form Siemens contacted site later and discussed the issues. However he was unable to dial in so will investigate further when connection obtained.",Process Safety,Unit late Sync.,English,RW_ACTUALS_English.csv,Process Safety
"U1 Control Fluid conditioning skid found to have failed, emptying contents into bund",Process Safety,Loss of Control Fluid into the Bund,English,RW_ACTUALS_English.csv,Process Safety
"At 02:39hrs on 24/8 the Ammonia Fogging system initiated with a number of alarms associated with Ammonia Tank B, including Toxic Gas Alarm.
With Breathing apparatus we carefully inspected the Ammonia compound and Tank B, it was soon apparent that there was no actual gas leakage and when inspecting the Sensors the following was noted:

Q138 B Tank, Gas Detector B – digital readout stated ‘Sensor Missing’,
Q137 B Tank, Gas Detector A – digital readout stated ‘Alarm Fault’.

The Fogging Deluge system reinitiated after 20 minutes, then repeated every 5 to 10 mins, setting the Mulsifyre Pump off at a time when the pump was set to its alternative supply.",Process Safety,Operational Loss - Ammonia fogging system,English,RW_ACTUALS_English.csv,Process Safety
"The Earth Switch became seized in the Closed position and we were unable to Open the Earth Switch, P1 raised and Electrical team provided excellent support Sunday morning to complete the repair by midday.
It is very unlikely Trading or NGC would have called unit 3 had it been available, but the loss of Ratcliffe’s availability needs to be recorded",Process Safety,Operational loss - U3 Earth switch,English,RW_ACTUALS_English.csv,Process Safety
"Unit was BOAId and after shutdown sequence was initiated , after 1minute 27 seconds the unit tripped off on Generator Shaft vibration excessive , this resulted in a generation loss of 47 MWS .
It has been captured due to an operation loss greater than 10 MWs",Process Safety,Trip from vibration on rundown from BOAI on GT3,English,RW_ACTUALS_English.csv,Process Safety
"U2 Tripped at 14:35hrs, suspect due to Turbine v/v gear problem - HSU low pressure trip alarm initiated. Investigations confirmed the trip was likely caused by an issue with A2 governor, a bad electrical connection was identified and subsequently repaired.
All HSUs and valve gear were tested ok. The Unit was made available from 19:00hrs.",Process Safety,Operational Loss - U2 HSU,English,RW_ACTUALS_English.csv,Process Safety
Baxter Storey Employee tripped and banged head on wall but missed hitting the metal distribution board.,Process Safety,Baxter Storey Employee tripped and fell after tripping on bag,English,RW_ACTUALS_English.csv,Process Safety
"Unit 2 FGD Low Leakage Fan inboard bearing - Inboard bearing high temperature alarm received at 55deg C, CPO requested to investigate and on arrival discovered the bearing on fire.
Fan was taken out of service and fire extinguished",Process Safety,Fire report - U2 low leak fan,English,RW_ACTUALS_English.csv,Process Safety
"U2 FGD Booster fan would not go in service due to the close over travel fault standing & not allowing opening of Booster fan blades. The supply valve to the moog valve would not open, C&I forced this valve open on Ovation. Suspect this fault may be an legacy from the FGD UPS tripping earlier in the day. We had to MEL the unit down due to SO2 not being removed.
BOAI instruction to 380MW had to MEL unit to 230MW",Process Safety,Operational loss - U2 booster fan,English,RW_ACTUALS_English.csv,Process Safety
"Operational Loss - U1's emission during the run put us close to IED limits, with a potential to have a knock on effect to exports to FGD",Process Safety,Operational Loss - U1's emission close to IED limits,English,RW_ACTUALS_English.csv,Process Safety
Small ammonia leak from B Station Delivery point,Process Safety,OIT (Operational loss - not process safety) - Ammonia Off Loading area,English,RW_ACTUALS_English.csv,Process Safety
"On Friday afternoon, the assistant common plant operator carried out his routine shift check of the LP dosing house at 16:30hrs and found Unit 1, Unit 2 and Unit 4 dosing pumps i/s with the units off load and extraction pumps/SSFP's out of service so essentially dosing into a dead leg.",Process Safety,Operational Loss - LP Dosing Pumps starting spuriously with no pumps in service.,English,RW_ACTUALS_English.csv,Process Safety
U2 Unable to carry out Ammonia injection into SCR due to ‘MW threshold not reached’ Fault standing on injection control faceplate.,Process Safety,Operational loss - Unable to carry out Ammonia injection,English,RW_ACTUALS_English.csv,Process Safety
At 20.58 the GT Shutdown was initiated due to both channels on thermocouple 10MBA26CT123B & C going into fault. Unit eventual de-sync at 21.34. C & I Department contacted by telephone and operations staff were able to carry out temporary wiring repairs. Unit made available and re-sync to the grid at 21.34.,Process Safety,GT Shutdown initiated due to thermocouple issues.,English,RW_ACTUALS_English.csv,Process Safety
"Whilst carrying out the MBFPT overspeed bolt injection the MBFP tripped causing a loss of 170MW. Tripped at 20:37 unit MEL to 330 MW from 20:53 to 21:10. The correct operational procedure was followed, with the trip bypass securely held down the manual trip was tested followed by No.1 bolt injection. Whilst selecting No.2 bolt and resetting the trip plunger the trip occurred. 

The cause is unknown, suspect an issue in the overspeed head that reduced the oil pressure which tripped the ESV and Governor valves. A successful retest was carried out when the unit dropped load before desynchronising. When discussing this with colleagues it appears the same issue has happened previously with a successful retest on that occasion",Process Safety,Operational loss - U2 MBFPT Overspeed test,English,RW_ACTUALS_English.csv,Process Safety
Unable to initiate start on B-Side SFCU due to 'stop' standing,Process Safety,Operational Loss  - U1 B Side SCR,English,RW_ACTUALS_English.csv,Non-Process Safety
"U4 MEL reduced to 450mwso due to lack of milling plant availability
4E Ram Bellows PF Leak
4F Mill temp not consistent and drifting
4G Mill temp indication u/s",Process Safety,Operational Loss - U4 MEL Reduction,English,RW_ACTUALS_English.csv,Process Safety
U3 struggling to follow PN load line...conditioning of milling plant primarily,Process Safety,Operational Loss - U3 Loss of load between 17:00hrs and 18:00hrs,English,RW_ACTUALS_English.csv,Process Safety
Ammonia Plant trip due to leak from ammonia tanker - line of sight detector initiated,Process Safety,Operational Loss - Ammonia Plant trip due to leak from ammonia tanker,English,RW_ACTUALS_English.csv,Process Safety
"Unit tripped due to HP Bypass temp reaching greater than 400 degC. The bypass valve 10LBF10AA151A had received an open signal but only opened to 1%. Because the signal is less than 3% spray valve did not activate. This issue is known about and a """"Work Around"""" has been created. As this has not occurred over the last few weeks the operator assumed  the issue had been rectified. The loss was approx. 600 MW and the unit resynched at 09:29",Process Safety,Unit Full Load Trip,English,RW_ACTUALS_English.csv,Process Safety
Belt weighers have potentially been inaccurate to affect the make-up of fuel to bunkers,Process Safety,Operational Loss - Fuel delivered to U3 & 4 bunkers,English,RW_ACTUALS_English.csv,Process Safety
An unused 'Boss' located on the North side of the HP Drum has a pin hole leak coming from a seal weld. Repair has been carried out on system.,Process Safety,Pin hole leak on Unit 3 HP Drum.,English,RW_ACTUALS_English.csv,Process Safety
"The unit was running through overnight at baseload. During a load change from approx. 380 MW to 400 MW, max 2 vibration levels were exceeded on both GT 1&2 channels resulting in an instantaneous full load trip.  It was also reported that a visible plume was seen emerging from the top of U71 stack.
The condition monitoring team at UTG were contacted by the STL and requested to analyse the plant data at the time of the incident, and to advice likely immediate causes and next steps. It was shortly reported back from UTG that early indications of the event were attributable to a likely loss of mass from the GT LPT stages.
UTG were mobilised to site to undertake a boroscope inspection which concluded liberation of blade and vane material across LPT stages 2-4.",Process Safety,"Unit 71 trip due to instantaneous increase in bearing vibration.
RB - EXTENDED 30/05/2022 Centre led investigation.",English,RW_ACTUALS_English.csv,Process Safety
"U4,  A Mill Coal Feeder tripped just after scynhroise. The feeder was later part dug out and bunker support steel work found around the feeder drive end.
This caused a loss in boiler pressure and a cold mill was rapidly put into service along with some more oil burners. Which started the metal temperatures to rise.",Process Safety,Operational Loss - none Process Safety,English,RW_ACTUALS_English.csv,Process Safety
"Whilst dosing the CW system with Hypochlorite on the day shift 11/09/19 W1 Residual Chlorine monitor went into alarm reading approximately 0.3ppm. Checked by Chemist manual sample to be no greater than 0.1ppm. 
Upon immediate investigation it was found that the flow to the cell of the instrument had been interrupted by ""slime"" but the constant head device was still flowing so there wasn't and alarm indicting loss of flow. 
On the night shift 11/09/19 when dosing again the same situation occurred and again dosing was stopped as soon as the alarm
initiated and the purge flow adjusted accordingly. 
The C & I team investigated as soon as they arrived on the following day shift to confirm that the cell had blocked again. Although this was not a breach of our permit there are still implications and reporting required.",Process Safety,Operational Loss (not process safety)- CW system,English,RW_ACTUALS_English.csv,Process Safety
"We were unable to isolate Unit 3’s Condenser on CW side due to passing inlet and outlet valves. This resulted in NDZ being extended on U1 and U4 (with NGC agreement).
Due to taking CW Pump’s out of service so we could achieve isolation for Condenser Tube Nest inspection",Process Safety,Operational Loss - U3 Condenser,English,RW_ACTUALS_English.csv,Process Safety
"On the 24/10 U3 was fired and steam to set occurred, it was showing high extraction pump conductivities >5uS before and after column. on the return to service unit 3 boiler chemistry deviated from target conditions. The extraction pump chemistry went into alarm state 3 (>1.0uS after column conductivity) during its on load run and the boiler water chemistry followed with the after column conductivity peaking at 51uS (alarm state 3). 
Due to the unit being ran to increase pressure for trevi testing there was no caustic dosing in the boiler water therefore no
boiler water protection. The pH of the feed flow and boiler water remained beneath the required level for the duration. LP dosing only occurred whilst the unit was generating. 
The boiler was dosed on the morning of 26/10 with a firing dose after discussions with a boiler team representative and the trevi continued after the dose had been added. The boiler was fired for 3hours after the trevi test was completed to facilitate blowdown and dosing of the boiler water. There was no steam sample available to assess the amount of sodium that has passed through the attemperator sprays into the superheaters. Both shells of the condenser had saw dust added to try and slow the ingress of contaminants and it was questioned if a condenser shell could be taken out of service to help to identify which shell the leak was in.",Process Safety,Operational loss - U3 high extraction pump conductivities,English,RW_ACTUALS_English.csv,Process Safety
"When units 1, 2 & 4 came on last week 10 out of 12 sample flows into the autolab were left isolated so there was only a limited view on the unit chemistry for unit 2 and none at all for units 1 and 4.",Process Safety,Operational loss - autolab,English,RW_ACTUALS_English.csv,Process Safety
Operational loss - Materials handing dusting issues following return to service of units which have not run for extended periods,Process Safety,Operational loss - Materials handing dusting issues following return to service of units which have not run for extended periods,English,RW_ACTUALS_English.csv,Non-Process Safety
Failure of Ammonia plant ‘Line of Site’ instruments,Process Safety,PSNH - Failure of Ammonia plant ‘Line of Site’ instruments,English,RW_ACTUALS_English.csv,Process Safety
"U2 FGD booster fan hydraulic oil package was put in service, whilst carrying out start up checks it was discovered that there was an oil leak from the hydraulic filter housing
 
Most oil contained in tanks bund, small amount of oil sprayed out over the roadway but did not contaminate any drains. Spill dry put down on leaked oil",Process Safety,Operational Loss - U2 FGD booster fan hydraulic oil package,English,RW_ACTUALS_English.csv,Process Safety
Unit tripped at 300MW from PRS emergency pushbutton circuit,Process Safety,PRS trip resulting in unit trip,English,RW_ACTUALS_English.csv,Process Safety
"U4 unable to start oil burners after completing purge and having to MEL unit to zero for 30 minutes from 05:30 to 06:00 as not able to meet sync time. Fault identified as not seeing A FD fan running on CIR diagnostics, Fans group changed over and permissive interlock achieved to allow start on oil burners",Process Safety,Operational loss - U4 oil burners,English,RW_ACTUALS_English.csv,Process Safety
"U4 The MEL had to be reduced due to having only 5 mills available for service, ‘F’ Mill unavailable due to mill motor vibrations. ‘A’ Mill unavailable due to Coal Feeder accumulator low pressure, diagnosed the previous day. When ‘G’ Mill was being entered to service, the classifier tripped after 2 mins due to Classifier diff pressure switch not operating correctly, this was entered into the SAP system as a P1 notification and was repaired by the C&I team and the MEL increased back to 500Mw at 12:00hrs.",Process Safety,Operational loss - U4 The MEL had to be reduced due to having only 5 mills available for service,English,RW_ACTUALS_English.csv,Process Safety
"CDC module was at full load.
A large flame was witnessed on the control room CCTV coming from the west side of the top of the gas turbine.
A decision was made to manually trip the gas turbine from the control room  back panel emergency stop push button as simultaneously the fire alarm panel began to sound.
The above all proceeded within approximately 30 seconds of the flames being witnessed.
The site evacuation alarm was sounded along with a tannoy instruction to evacuate site.
The station MEL was redec'd to 0MW and remitted with energy trading.
The plant was observed as it was shutdown and the visible flames stopped on the tripping of the plant.  
The main gas valve 10EKG70AA001 was closed and gas vented to remove all gas from the building. The FGPH outlet valves were manually closed to 10EFG70AA001 passing.
Approximately 15 minutes after the GT being tripped a visual inspection was made of the GT which confirmed the dislodging of a flange thought to be that of the flame eye and lagging being emitted from the blow off pipework on the west side of the GT.
As there was no further risk to personnel the site evacuation was ended with the UMC remaining off limits and locked down.
Further inspection and repair planning commenced with the Engineering Team.",Process Safety,Gas Turbine Combustion Chamber Flame Eye Failure.,English,RW_ACTUALS_English.csv,Process Safety
"U4 had a sync time 06.00hrs & a PN up to 500MW. Around 6a.m A ID fan VSD alarm received. On investigation the A ID Fan speed feedback to cutlass / ovation had gone bad value (magenta), this could not be reset / accepted. The feedback bad value prevented to ID fan sequence to start as the controller was now in emergency manual & needs to be in manual.
Mel was then reduced to 280MW to accommodate only having one set of fans. Maintenance replace a faulty ID fan control card & the unit was redeclared to 500MW at 09.00hrs.",Process Safety,Operational loss - A ID Fan speed feedback,English,RW_ACTUALS_English.csv,Process Safety
U2 late Sync due to DA level indication/control issues.,Process Safety,Operational Loss - DA level indication,English,RW_ACTUALS_English.csv,Process Safety
U2 MEL’d to 350MW from 17:07 to 17:49 due to C feeder tripping & low boiler pressure,Process Safety,"Operational loss (not process safety) - MEL drop, feeder trip & boiler pressure",English,RW_ACTUALS_English.csv,Process Safety
Loss of generation due to U2 B Airheater tripping – MEL to 400 from 1930 until 23:00,Process Safety,Operational loss - U2 B airheater trip,English,RW_ACTUALS_English.csv,Process Safety
Fire alarm received at 04:43 UMC duct sensor (No.56 on fire panel). No other DCS alarms received.,Process Safety,Emergency shutdown of Gas Turbine due to suspected combustion air leak.,English,RW_ACTUALS_English.csv,Process Safety
Unit tripped from SEL at 220MW 28 minutes after synchronisation. Boiler protection initiated GT trip due to high temperature after HP Bypass station,Process Safety,Unit trip due to high cold reheat temperature,English,RW_ACTUALS_English.csv,Process Safety
"It was heard and then observed on a plant walk round that seal oil was leaking from the non-drive end seal of unit 8's generator. The leak was stopped immediately by closing the valve upstream of a loose Swagelok fitting. The valve that had the loose fitting and subsequently closed was 81MKW32AA301 """"U8 GEN SO NDE SUP PRESS TP VLV1"""".",Process Safety,Seal Oil Leak from loose Swagelok fitting.,English,RW_ACTUALS_English.csv,Process Safety
During plant checks on CW System a leak was identifed on the Sodium Hypochlorite Dosing Pipework and area was barriered off. On returning to the area the pipework was found to be sheared. The Sodium Hypochlorite system was immediately taken out of service and isolated in preparation for repairs.,Process Safety,Sodium Hypochlorite Pipework Sheared,English,RW_ACTUALS_English.csv,Process Safety
"Excavation works in CDM Zone4C (EdF/CDC Separation Project) for the purge pipe were underway. During the works, the bucket of the excavator caught the plastic potable water supply pipe to CDC admin block releasing water in to the excavated area.",Process Safety,Potable Water Pipe Damage during excavation,English,RW_ACTUALS_English.csv,Process Safety
"At 0915 HRS CPU-1 HFO was being diverted to On Spec using CPU SCADA 1-2 system.
As soon as the HFO on spec ""valve open"" (XV-1-304) command was given, all tags went to Bad PV.
The system got logged out on its own.
After a few seconds, the system appeared normal by itself with view-only mode.
System was logged in again by the DCS operator to operating mode.
The same thing happened again at 2315 HRS. When the DCS operator gave output in a controller, all tags became BAD PV, and the page was logged out by itself. DCS Operator logged in again to operation mode and continued to operate.",Process Safety,CPU SCADA 1-2 FAILURE,English,RW_ACTUALS_English.csv,Process Safety
"Blade position - position indication fault.  Unit off for Rotary Union inspection
Position not at closed so would not give booster fan permissive for start.",Process Safety,Operational Loss - U3 FGD Booster Fan Blade Position,English,RW_ACTUALS_English.csv,Process Safety
"A recent Gas detection panel fault had closed the sites main Gas valve 10EKG70AA001 on protection. During the unit start up 3 attempts were made to start the GT for it’s DP run scheduled for 15:00 – 21:00. Each attempt failed due to time out of the fuel gas program as a result of 10EKG70AA001 not opening in time. On the 3rd start attempt, the valve was locally observed to see what was happening. It became apparent that the valve was trying to run open but not moving more than a fraction. Numerous attempts were made to drive the valve open, both electrically from the DCS, locally and manually using the handwheel. It was concluded the valve was either mechanically jammed or pressure locked. After some discussion, the decision was made to try and reduce the pressure upstream of the valve by venting off gas from the pre-heater. This was successful and allowed the valve to be re-opened.",Process Safety,Main Gas Valve would not open.,English,RW_ACTUALS_English.csv,Process Safety
Burn,Process Safety,Burn to hand,English,RW_ACTUALS_English.csv,Non-Process Safety
The site was operating on 2 way traffic via the exit gate due to crane activities. The car (black Audi estate KU18DFN) pulled up at the external card reader outside of the plant with the intention of coming on to site. Just as he approached the card reader the gate started to open as someone had swiped from inside the site in order to leave. The driver of the Audi swiped his pass on the reader just as the other car left through the gate. The Audi then went to move through the exit gate but was positioned on the far right hand side of the road as this was where the card reader was. The gate closed just as the Audi got to the gate and there was slight damage to the car above the front right wheel. Cables inside the gate sensing strip were also damaged. Details taken and site was put back on 1 way traffic. CCTV captured incident on camera 8 – time 13:14.,Process Safety,Car hit by closing exit gate,English,RW_ACTUALS_English.csv,Process Safety
Seal oil pump No1 tripped on electrical overload. Seal oil pump No2 started but unnoticed so did the DC pump. The generator protection system discharged the hydrogen once the DC pump had run for 30 minutes. There was Hydrogen available to top up the generator on site but a there would be a potential risk if it happened again in commissioning.,Process Safety,"Generator protection activated, hydrogen released from generator",English,RW_ACTUALS_English.csv,Process Safety
"CDC module was being run up along side Killingholme Mod 1 on separate BOAI instructions and tripped on GT start up due to the trip not being reset on the IP by-pass. IP by-pass was checked during start up and was thought to have been reset. 
HRSG required a purge and the unit was 37minutes late coming on load on a BOAI and was run up on slower ramp rates.",Process Safety,GT trip on start up due to IP by-pass trip standing.,English,RW_ACTUALS_English.csv,Process Safety
"The sequence of events CPU-2 SCADA 2-1 PLC failure on 23.09.2022 at 21:06hrs.
1) 21.06hrs: CPU-2-1 SCADA screen all tags turned to BAD value and alarm in DCS.
2) 21.06hrs: CPU-2-1 Fire Deluge alarm in DCS and also in Field. 
3) Communicated with the field operator and confirmed no fire in the unit.
4) CPU-1 also tripped due to a booster pump trip.
5) CPU-2 ESD activated.   
6) Call received from the Terminal, Refinery control room, and Security about the fire alarm. Informed them, it is faulty, no fire in the unit, suspecting the PLC fault.
7) CPU-1 and 2 both Furnace inside found fire from the floor. 
8) OSC Ramasamy from Refinery arrived at site and assessed the situation for any emergency help.",Process Safety,"CPU 2 SCADA 2-1 PLC failure, Plant trip, and VTTI fire alarm activated.",English,RW_ACTUALS_English.csv,Process Safety
"U1 During plant check, small hole identified in bend on reheat drains pipework manifold from reheat strainer and IP loop drain.
Unit Mel’d to zero until midday",Process Safety,Operational Loss - LP Turbine Drain Receiver,English,RW_ACTUALS_English.csv,Process Safety
"Personnel Gas detector went into alarm when in the IGA building due to a leak between a 1"""" valve and its 1/4 """" fitting.",Process Safety,LOR2 Stream A  axial flow valve inspirator block impulse line valve and fitting interface gas leak.,English,RW_ACTUALS_English.csv,Process Safety
GBPUV001 Failing to open.,Process Safety,LP Bypass stop valve issues resulting in safety valve operating,English,RW_ACTUALS_English.csv,Process Safety
"U2 MEL kept at 300Mw 17:05 – 17:30hrs 
F mill failed to perform after Feeder VSD repair, leading to having to take the mill group out of service and replace it with ‘E’ Mill group. Due to low Mill outlet temps, this had to take place prior to coming up on load to 500Mw.",Process Safety,Operational loss - U2 F mill performance,English,RW_ACTUALS_English.csv,Process Safety
"During preparation for an ammonia delivery the ammonia tanker connection was made to the delivery point and pressure carried out, during subsequent purging of the Chicksan arm to the scrubber through the vent header the ammonia plant tripped on toxic gas detection. On further investigation the first detection was a single gas detector adjacent the Hydrostatic Relief Valves on A vaporiser, a detection was also made at B accumulator. Following an inspection of the ammonia compound for any signs of leakage the SIS was reset and the ammonia plant restarted. NOx abatement was lost for approximately 30 minutes",Process Safety,OIT - ammonia plant trip,English,RW_ACTUALS_English.csv,Process Safety
"U2 was on barring at 2rpm; alarms received in the MCR to indicate the machine had dropped off barring. a team was dispatched to check around the turbine and found the jacking oil pump supplying oil to No's 5-12 bearings on the turbine shaft line had tripped. Turbine team and C&I team investigated; found a damaged/broken pump, they replaced the pump but the shaft line had been stationary for a length of time that would mean at the warmth status of the turbine it has 'hogged' therefore not allowing the machine to go back onto barring",Process Safety,Operational Loss - U2 Barring Gear Issue,English,RW_ACTUALS_English.csv,Process Safety
"400kV GCB not open relay failed to clear on circuit breaker closing, caused issues with synchroniser.",Process Safety,Operational Loss - 400kV GCB not open relay failed to clear.,English,RW_ACTUALS_English.csv,Non-Process Safety
"On May 14th at 21:45 hrs, Both CPUs were running from T-302 (crude mix: Doba 96.88%, Dar 1.21%, Nile 1.91%) and panel operator found feed pump discharge and column pressure increasing beyond control, both units forced to shut down suspecting water shot.

During above the operations team noticed increased levels on back pressure in the Flash column, which could lead to an activation of  automatic trip sequence shutting down the crude feed pumps (P-1-001 & P-2-001), all other main equipment will follow to shut down after trip sequence. Due to this and to avoid further process and plant safety and potential H&S problems both units taken to  shut down. There was a loss of production of 6 hours 45 minutes in CPU 1 and 7 hours 35 minutes in CPU 2. 


The CPUs are prepared as per design to take up to 3% suspended water but not to process free water, this is perceived as the main risk for this type of events. Similar events had occurred on 3rd March 2021. One of them was automatic trip due higher P in the Flash column. 

The most likely scenario in case of not addressing this situation in time is would be a pop up of the Pressure Safety Valve (PSV) in the Flask Column. In this case the affected unit will suffer unplanned unavailability for the reinstallation of the PSV. In case of additional failure of the PSV, the failure could lead to a malfunction in the Flash column potentially leading to release of vapours (depending on where within the flask columns the failure materializes it might lead to release of vapours, crude etc).",Process Safety,Water shot incident,English,RW_ACTUALS_English.csv,Process Safety
"25/03/22 - incident log Fire Steam Turbine IP control valve (north/left)

Mark Ewington (Emergency Controller)
Toby Mayes (Incident Controller)

22:50 Plant on load at 435 MW. 
22:55 Fire panel alarm sounded (Foam cubical 1)
22:55 ME investigated on Plant
22:55 TM panned CCTV onto ST enclosure
22:57 ME confirmed fire from ST IP control valve (North/Left) and returned to CCR.
22:57 TM confirmed smoke showing on CCTV
22:58 Tripped Steam Turbine 
This was done in order to take the power oil pressure off of the valve which would be feeding the fire. There is a known leak in that area.
23:00 Called trading/curtesy call to Grid, advising that we will be bringing the plant off. ST trip and GT in a controlled manner.
REMIT to ZERO until 12:00 26/03/22
23: 00 TM returned to incident to make an assessment (with camera). Fire was still ablaze and TM extinguished the fire using a hand held fire extinguisher. TM took photographs and returned to control room.
23:00 to 23:12 Steam turbine off plant load at 268 MW
23:00 to 23:30 MSM messages and Calls made to Exec group and Engineering
23:12 to 23:33 Gas Turbine taken off in controlled manner to de-synch at 23:32.
23:32 de-synch
23:35 Incident under full control.
23:50 Area preserved (barriers)

Records:
•	Fire and Explosion Check Sheet (attached)
•	shut down sheet (attached)
•	Golden Hour Template (attached)
•	SAP A1 41001395
•	SAP notification 21394387 updated
•	Synergi submitted",Process Safety,Fire Steam Turbine IP control valve (North/Left),English,RW_ACTUALS_English.csv,Process Safety
"On 18th Oct 2020, at 15:15 hrs CPU field operator came from field to CCR, he felt a burning smell and informed to CPU panel operator. After confirming that the smell was coming from the UPS, the information was reported to all concern department by panel operator (detailed sequence of events is indicated below). After examination of UPS, Uniper E&I technician confirmed that it had not only smell but also slight heat. Hence he suggested that it need to be remove from CCR. Maintenance manager instructed to switch off the Faulty UPS and made offline and Old UPS (SMX3000HV) switched on. At 16:35 Suspected UPS (SRT3000RMXLI) was removed and prepared to send faulty UPS (SRT3000RMXLI) to Vendor for further investigation.  After the removal of Faulty UPS burn smell vanished from CCR.",Process Safety,"On 18th Oct 2020, at 15:15 hrs CPU field operator came from field to CCR, he felt a burning smell",English,RW_ACTUALS_English.csv,Process Safety
"On 4th March 2021, 23:30 hrs the VTTI operations team observed black smoke from the stack of CPU-1 furnace (tag no. ME-1-001) (see Annex 1 “Annex 1_CPU-1 Furnace stack smoke email VTTI_20210304.pdf”). As the thick smoke was continuously coming out the operators stopped the furnace at 23:45 hrs and the unit was taken into long circulation. At 02:30 hours on 5th March 2021 the CPU-1 was put under short circulation (see Annex 2 “Annex 2_CPU Log Sheet as of 4th March 2021”).
The following day, the furnace control system (BMS) was restarted by Uniper E&I Maintenance team for a default reset of error values. After this CPU-1 furnace was re-started 2 times on a trial basis, checking that continuous white smoke was coming from the stack. Subsequently firing of ME-1-001 was stopped waiting for further investigation, with the final objective of finding the root cause of the incident. For the investigation it was decided to get support from specialized 3rd parties such as Harris Pye (HP) and Bureau Veritas(BV).
In total because of this incident CPU-1 was down ca. 30 days from March 4th, 2021 23:30 hrs until April 3rd 14:00 hrs.",Process Safety,Thick black smoke from CPU-1 Furnace stack,English,RW_ACTUALS_English.csv,Process Safety
"On March 3rd 05:45 hrs, right after the feed tank change over from T-303 (crude mix: Doba 40.69%, Dar 34.35%, Nile 24.95%) to T-301 (crude mix: Nile 22.28%, Doba 73.50%, Dar 4.24%) both units had to be shut down due to a water shot.  
 
Following the tank feed switching operation the operations team noticed increased levels on back pressure in the Flash column, which could lead to an activation of  automatic trip sequence shutting down the crude feed pump (P-001), all other main equipment will follow to shut down after trip sequence. Due to this and to avoid further process and plant safety and potential H&S problems both units taken to  shut down. There was no loss of production as it happened during start up process. 
 

The CPUs are prepared as per design to take up to 3% suspended water but not to process free water, this is perceived as the main risk for this type of events. Similar events had occurred only 3 times in the asset lifetime, including this one. One of them was automatic trip due higher P in the Flash column. 

The most likely scenario in case of not addressing this situation in time is would be a pop up of the Pressure Safety Valve (PSV) in the Flask Column. In this case the affected unit will suffer unplanned unavailability for the reinstallation of the PSV. In case of additional failure of the PSV, the failure could lead to a malfunction in the Flash column potentially leading to release of vapours (depending on where within the flask columns the failure materializes it might lead to release of vapours, crude etc).  

The crude feed tank that was being used , T-301,  had been last operated by Uniper Ops team, on February 24th, due to vessel discharge operations was. In this case the available time for tank preparation was sufficient.",Process Safety,Water shot incident,English,RW_ACTUALS_English.csv,Process Safety
Steam leak coming from pipework section. The pipework comes from the Unit 1 HP boiler circulating pump 201 (01FSRPP201) and leads to the  differential pressure transmitter 01FSR205B PDT,Process Safety,Unit 1 Steam leak from small bore pipework,English,RW_ACTUALS_English.csv,Process Safety
"At the start of the shift a L LUBO TNK LKG GRD >MAX1 was standing, check made of lube oil tank level trend and this was found to be dropping, check made of turbine area and oil was found running down the wall under the generator and down the wall by bearing 3. Control room was instructed to shut down the unit and the oil spill was contained using pads etc from the spill kits. Unit was off load @ 19:06. At the same time checks for where the oil was coming from carried out and leak found to be on the lube oil feed pipework to the SSS clutch.",Process Safety,U7 Lube Oil Supply pipework to SSS Clutch,English,RW_ACTUALS_English.csv,Process Safety
"On 16th February ’20 at early morning around 0300 hrs. the Field operator during his rounds at CPU-1 noticed fumes and HFO leaking through the insulation cladding of the suction loop from Pump-1-007 (Flash column HFO R/D pump) suction side. Field operator immediately informed at the CCR and the pump was stopped immediately, and the plant taken to ESD, pump isolated & depressurized. DNO tag was provided for suction and discharge block valves. The area was cordoned off. The HFO leakage was about 50 liters but that was onto the pump skid tray, and the leak didn’t splash or spread out elsewhere. There was no personnel hurt, no contamination, as it was contained and no property damage as well. Initial findings on opening up the insulation cladding; On the 2‘‘ branch piping where Chemical SR1394 was being injected on a trial basis there was pin hole discovered, which was the source of the leak, and later after the system was cooled, drained out completely and inerted, the spool piece was removed and found that there was heavy corrosion on the internal base of the spool. Suspecting the pitted hole due to excessive corrosion contributed by the chemical being injected. Prior to start of use, it was confirmed and verified by the vendor that it was compatible with MS, CS & SS, but in reality it seemed that chemical was not compatible with CS at all, and had severe effects on CS.",Process Safety,CPU-1 P-1-007 Suction piping chemical injection leak,English,RW_ACTUALS_English.csv,Process Safety
"GT trip at 04:54hrs due to high  Steam Turbine Clean Drains level.
Tank emptying to Raw water Tanks blocked due to high Tank temp as tanks where draining for up coming outage.",Process Safety,GT trip at SEL.,English,RW_ACTUALS_English.csv,Process Safety
"During unit start spray water valve 10MAN53AA151 stopped controlling. This valve controls the temperature of the IP Bypass into the condenser. Unit tripped at 18.15 due to uncontrollable steam temps, Checks made and contactor in control panel appear to have failed. Electrical department informed.",Process Safety,MAN53 Control - Unit trip.,English,RW_ACTUALS_English.csv,Process Safety
"During the start on 17/03/22 ACC fan 4.3 went in to fault with a switchgear fault. This was followed by a smoke alarm from the ACC switchroom. Local investigation showed smoke to be coming from the switchroom. The plant was tripped, the board switched out and fire brigade called. The fire brigade checked the area and cleared the smoke and damage was found on the outgoing cables on 2 ACC fans. Further assessment of switchgear required.",Process Safety,Smoke from ACC switch room.,English,RW_ACTUALS_English.csv,Process Safety
"During plant inspections after the unit start up, fumes were starting to accumulate within the UMC building. On Further investigation small flames were noticed from the underside of the lagging mats on the top of the GT. The unit was immediately shut down and engineering department called.",Process Safety,GT Lagging Fire,English,RW_ACTUALS_English.csv,Process Safety
Unit was due to sync at 17.00 after recent feed pump repairs. Feed pump work complete and 15.00 instead of 12.00 as originally planned. Isolations removed and boiler filling commenced. Boiler did not fill in time and therefore the unit was 34mins late.,Process Safety,Unit late Sync following MBFP Alignment,English,RW_ACTUALS_English.csv,Process Safety
"Whilst at full load operation, there was a step change in vibration levels from all channels of the gas turbine vibration monitoring system. An alarm was received on the control room DCS aswell as a subtle but discernible change in sound/vibration experienced in the control room by the operator. The out of hours UTG condition monitoring team were contacted who connected remotely and analysed the vibration data. Advice from UTG was the data indicated a loss of mass within the gas turbine and advised the unit be shut down and an internal inspection conducted.",Process Safety,Sudden increase in vibrations of the Gas Turbine.,English,RW_ACTUALS_English.csv,Process Safety
EDF Contacted the CDC control room and reported that a large pool of water had accumulated in the Gypsum Store on the EDF site. It is suspected that this is something to do with our main CW supply pipe to site has it runs under this building and has been repaired before. Site visit confirmed this to be the case. Floor plates can be removed if necessary but it is hoped that we can live with this problem until the new supply pipe to site is installed. CW flow to site is not currently affected.,Process Safety,Main CW supply pipe to site leaking.,English,RW_ACTUALS_English.csv,Process Safety
Fuel gas leak detected on unit 6 Gas Turbine EV Control valve. Unit shut down in a controlled manner to mitigate leak. Leak found with personnel T3 gas monitor with LEL reading going off scale.,Process Safety,Gas Leak Detected on Fuel Gas System.,English,RW_ACTUALS_English.csv,Process Safety
On a plant walkround of unit 7 the gland of the HP ISDSH control valve was found to have blown out.,Process Safety,HP ISDSH gland blown out,English,RW_ACTUALS_English.csv,Process Safety
Unit was at 91MW on start up when all three 'Haz Gas' alarms initiated on the North side of the Gas Turbine,Process Safety,Unit 3 Shut down due to 'Haz Gas' going into alarm,English,RW_ACTUALS_English.csv,Process Safety
"During plant operation the GTP was subject to an increase in gas pressure causing the activation of a PSV, venting gasses safely to flare",Process Safety,GTP Safety Valve Activation,English,RW_ACTUALS_English.csv,Process Safety
Inability to blend Pond Fines at Ratcliffe,Process Safety,Op loss - Loss of AF Feeder Breaker,English,RW_ACTUALS_English.csv,Non-Process Safety
"01.07 1400hrs  UFA fault hold – alarm observed for failed to open, UF B was in backwash fault.  UF A then made OUT OF SERVICE – informed the CCR. 
02.07 UFA actuator was removed.  1400hrs approx., the valve was replaced as the actuator was assumed ok.  1600hrs chemist went home.
05.07 .        
 - there is no pressure relief on this system, therefore water finds the weakest areas to depart,",Process Safety,WTP UFA overpressurisation,English,RW_ACTUALS_English.csv,Process Safety
"Fan tripped with error code 2V6A Online, water evident from a number of cubicle doors",Process Safety,2B ID Fan,English,RW_ACTUALS_English.csv,Process Safety
"ST tripping protection operated due to High Forward Steam Temperature.
Incorrect Steam Temperature Control Setpoint allowed the HP & IP temperatures to increase beyond acceptable HP turbine limits for cold/warming operation. There is a possibility that this issue has been evident since the 2017 'service pack 7 installation. A new setpoint has been configured following this incident.",Process Safety,Unit Cold Start - ST Trip,English,RW_ACTUALS_English.csv,Process Safety
Steam Turbin RHS IP stop valve has failed to re-open after on-load testing.,Process Safety,Steam Turbine IP Stop valve stroke test failure,English,RW_ACTUALS_English.csv,Process Safety
U8 penetration seal leak had caused interstage desuperheater cabling to melt and fail to control. This caused the machine to de-load (the loss). The machine was then taken off load later in the day to aid repair.,Process Safety,U8 ISDH cabling damage / melting due to existing hot gas leak,English,RW_ACTUALS_English.csv,Process Safety
U2 MBFP Tripped off barring barring 2 hours after de-synch,Process Safety,Operational Loss -- U2 MBFP,English,RW_ACTUALS_English.csv,Process Safety
"U2 B1 Gov Trip Solenoid tripped at machine run-up, this wasn't identified by Ops and HSU's became unstable @ 280MW, unit tripped",Process Safety,Operational loss -Unit 2 B1 Gov,English,RW_ACTUALS_English.csv,Process Safety
U2 B1 Main Turbine Governor valve tripped and in efforts to re-open unit tripped,Process Safety,Operational Loss - Unit 2 B1 Main Turbine Governor,English,RW_ACTUALS_English.csv,Process Safety
"aerosol paint can failed mechanically, small 4mm hole imploded into can releasing contents over mechanical trainer.",Process Safety,process safety,English,RW_ACTUALS_English.csv,Process Safety
"At approximately 13.29 the G as panel in control room failed initiating a GT protection level 1 & 2 trip.
It was assumed that voltage fluctuations from the SFC had possibly caused a supply MCB to the panel to trip. (Running the SFC has been known to play havoc with some actuators on site, in particular ones associated with the aux boiler). Initial investigations revealed the power source for the gas panel (415v switchboard 10GMA06) had not tripped but further investigation within the gas panel were made which ascertained there was no 240v power to it’s internal power supply. A small fast blow anti surge fuse was found blown in the 240v supply line to the power supply unit. A new one was sourced and fitted. 240v power was now restored to the power supply unit, but there was no 27v DC output from the unit. Although the DC supply healthy light was lit on the front of the panel (from the back up batteries), there was no functionality from the gas panel at all.
Members of the Engineering team were called to site and the power supply unit was removed and dismantled to reveal it was badly burnt out inside. An alternative 24v DC power supply unit was obtained and temporarily installed which allowed the gas panel to be reinstated.",Process Safety,Gas Detection Panel failure.,English,RW_ACTUALS_English.csv,Process Safety
Reduction of Pond Fines due to logistics of material transfer,Process Safety,Pond Fines reduction,English,RW_ACTUALS_English.csv,Non-Process Safety
U2 MBFP Tripped off barring approx. 2.5hrs after unit shut down. Inlet bottom belt temp dropped sharply just prior to tripping off barring. Barring gear amps picked up just before trip and pump was unable to hand bar due to being tight. 1 Fuse was found blown in the motor contactor.,Process Safety,Operational Loss - U2 MBFP Tripped off barring.,English,RW_ACTUALS_English.csv,Process Safety
GT 4 failed to run up when called. DC lube oil pump had tripped at some time and once reset the GT ran up fine. Syncronised 14 late.,Process Safety,Operational loss - GT 4 Failed to Sync on time,English,RW_ACTUALS_English.csv,Process Safety
GT 4 failed to start - Plant Not Ready Status showing red - no indication of a fault on logic gates - only issue DC lube oil pump status alarm standing.,Process Safety,Operational Loss - GT 4 Failed to stat and come on load - suspect DC lube oil pump contactor issues.,English,RW_ACTUALS_English.csv,Process Safety
Killingholme MOD 1 had a loss of load due to a Fault with one of the GT's. GT11 ESV2 did not make its open limit with in the correct time tripping GT11's SFC.GT12 synchronized on time. the module was due at full load at 15:30 and actually achieved full load at 15:40.,Process Safety,Loss of load due to a Fault With a GT gas valve,English,RW_ACTUALS_English.csv,Process Safety
Unit 3 Synch was delayed by 15 minutes due to positive IP Diff.,Process Safety,Operational Loss - Unit 3 delayed Synch due to IP Diff,English,RW_ACTUALS_English.csv,Non-Process Safety
"Gas turbine overspeeds, steam turbine overspeeds & steam turbine HP stop valve/governor valve tested successfully. Plant was stable and running at 400MW.
12:09hrs TST IP SV + CV Left FAIL 18MAB11EA121. Whereby, IP steam turbine governor valve closed fully, but the IP stop valve remained in intermediate mode (18MAB11AA001). Result was worsened vacuum >250mbar causing the steam turbine to trip (18MAX43EZ903_XU51). REMIT call submitted to Trading approximately 12:10hrs. Load dropped to SEL, drum levels controlled, air cooled condenser demin sprays put into service and sequencer selected to bypass. Grid were called to inform them of the situation.
By 12:17hrs, SEL was achieved. Due to standby to bypass being selected, gas turbine continued to deload.
At about 12:28hrs, Trading called requesting a REMIT update: 70MW from 12:30hrs to 13:30hrs. Then, between 13:30 and 13:43hrs increase load from 70 to 240MW. Remain at SEL until 15:00hrs.
Grid called and updated.
~ 13:34hrs programme device became disabled on the steam turbine and was manually given an ON command. Steam turbine became to ramp up from 70 to 240MW.
Steam turbine, at the time of writing is stable, and control valve stresses are improving (26 & 68% for HP and IP valves respectively.)",Process Safety,"Steam Turbine Trip, Following Trip Testing",English,RW_ACTUALS_English.csv,Process Safety
"During ammonia tanker disconnection procedure, post delivery, there was a release of ammonia that caused the ammonia plant to trip. The SIS trip was triggered by the west side line-of-sight gas detectors. Ammonia supply to the three onload Units SCR plants was lost for c.45mins.",Process Safety,PSNH - Ammonia Plant SIS trip during tanker disconnection.,English,RW_ACTUALS_English.csv,Process Safety
"During a routine cooling process of the Turbine, whilst off load and on barring, unusual noises were heard from the IP cylinder and barring amps were seen to fluctuate. Following cooling all readings returned to normal.",Process Safety,Operational Loss - Unit 2 Turbine Cooling,English,RW_ACTUALS_English.csv,Process Safety
18:24 GT PLS and trip from FSNL on GT enclosure ventilation issues (PLS 17). GE looked into it and found that some protection that the ventilation DP and flow had been re-enabled and caused the trip. They said this had never been active before so weren't sure why it was active. Spoke to Cliff Henry and Paul Wade and they were happy for us to do a sim form to remove it from the logic again. Sim 2021/027.,Process Safety,GT Enclosure Sim removed for DP & Flow protection in GT enclosure,English,RW_ACTUALS_English.csv,Process Safety
"During the early hours of the 03/04/2021 the CO2 heaters over heated, (cause under investigation) and caused the heating medium to boil and flash off resulting in a localised fire.",Process Safety,Carbon Dioxide Oil Heater Fire,English,RW_ACTUALS_English.csv,Process Safety
"On 09.03.2021 at 16:20hrs CPU-2 fire alarm received and all safety function got activated and unit tripped. Control values gone to BAD status and all equipment tripped indicated in HMI screen. Informed field operator to check the field and confirmed that no actual fire in the field.
Informed Terminal control room and Refinery control room about the incident and it is fault from PLC. Informed Suresh Kumar (OM) and Binil Raj (OSC). Informed Uniper E&I for checking and attending the PLCs. Informed VTTI E&I to disable the fire alarm to VTTI main system.",Process Safety,CPU-2 Furnace broke down,English,RW_ACTUALS_English.csv,Process Safety
GT trip signal received from Feedwater pump off. HP Feed Reg faulted at 49% open and would neither close or open from this position causing a Feed Pump trip. Unit made unavailable until from 04:12 until 05:30 when it was made available in Open Cycle,Process Safety,Unit trip after HP Feed reg failure,English,RW_ACTUALS_English.csv,Process Safety
GT4 Metering signal lost resulting in reduction of load on Unit 4 as GT4 metering value is utilised in the Unit 4 load control,Process Safety,Operational Loss - GT4 metering,English,RW_ACTUALS_English.csv,Process Safety
"During w/c 11/01/21 four Unit operation at high load factor significantly increased demineralised water & anhydrous ammonia usage, resulting in low inventory holding.",Process Safety,Operational Loss - Low Demin Water (also see 16290 Anhydrous Ammonia commodities),English,RW_ACTUALS_English.csv,Process Safety
During the routine changeover of BOP Transformers and Boards we lost the EDL Communications and Responsibility connections and also looks like we lost the Pi server. UTP Failure standing on New GPMS/EDL Modem,Process Safety,Loss of EDL & Pi Servers/Connection,English,RW_ACTUALS_English.csv,Process Safety
"Poor plant performance for Jan 2021, resulting in many isolations and repairs, precip rectifiers trips, system blockages, system  operational issues, significant resource and cost to empty hoppers, high dust to FGD",Process Safety,Operational Loss - U4 dust plant performance,English,RW_ACTUALS_English.csv,Process Safety
No.1 Bulk Sodium Hypochlorite Tank lost approximately 4 Tonnes of hypochlorite over a 12 hour period. The tank dropped from 19 tonnes to 15 tonnes. Upon initial investigation the hypochlorite has leaked into the tank containment bund. The hypochlorite has since been recovered from the bund and further investigations continue.,Process Safety,PSNH - Loss of Hypo from No.1 Bulk Sodium Hypochlorite Tank,English,RW_ACTUALS_English.csv,Process Safety
HP Continuous blowdown gland packing failed causing substantial HP steam leak. This subsequently led to the unit being shutdown in a controlled manner,Process Safety,HP Continuous blowdown gland packing failed causing substantial HP steam leak.,English,RW_ACTUALS_English.csv,Process Safety
"Trant dumper driver collided with CDC exit reader post, damaging the post and base.  
Incident not reported at time of event, discovered later by another working party.",Process Safety,Damage to CDC Vehicle Exit Gate Reader,English,RW_ACTUALS_English.csv,Process Safety
"During w/c 11/01/21 four Unit operation at high load factor significantly increased demineralised water & anhydrous ammonia usage, resulting in low inventory holding.",Process Safety,Operational Loss - Anhydrous Ammonia commodities (also see 15645 Low Demin Water ),English,RW_ACTUALS_English.csv,Process Safety
DCS alarm received that control oil tank level was low. Investigation on plant identified that a hose was damaged causing oil to leak into bunded area.,Process Safety,Unit 4 Control Oil Hose Leak,English,RW_ACTUALS_English.csv,Process Safety
"Whilst off load the MBFP tripped off barring and would not restart. The turbine proved to be tight and would not hand barr. The unit came off load at 23:00, MBFP on barring at 23:30. At 01:30 the bottom belt temperature suddenly dropped from 284 to 187 Oc , 5 minutes later the turbine tripped, no other operational activity was taking place at the time. The temperature continued to fall down to 95 Oc at 3:30 with the turbine still stationary. In an attempt to rectify the situation the condenser level was reduced and loop pipe drains opened. This increased the bottom belt temperature back up to 180 Oc at 05:00 and enabled the turbine to be hand barred half a turn. It appears a build up of condensate occurred within the bottom belt however investigations could not identify the cause of this . The turbine was shut down correctly, all drains checked in the correct position.",Process Safety,Operational Loss - U2 MBFP off barring,English,RW_ACTUALS_English.csv,Process Safety
"U3 B1 Governor valve tripped - MEL set at 230mwso 
EC&I contacted will attend site this evening",Process Safety,Operational Loss - U3 B1 Governor valve tripped - MEL set at 230mwso,English,RW_ACTUALS_English.csv,Process Safety
U4 FGD tripped due to high differential pressure across the bypass dampers.  Told at the time the FD fan flow instruments were problematic and a calibration had been instructed on them,Process Safety,Operational Loss -  U4 FGD Trip,English,RW_ACTUALS_English.csv,Process Safety
CNC-04-GFR-PP  -002: U4 Control Fluid Main Pump B - hose failure.,Process Safety,Hydraulic hose failure.,English,RW_ACTUALS_English.csv,Process Safety
Target 2 failed,Process Safety,Operational Loss - Unit 1 Cutlass Target 2,English,RW_ACTUALS_English.csv,Process Safety
Trading team rang the control room at 16.42 and enquired why we had not reacted to a recent BOAI. We informed them that we had not received it. EDL had been restarted earlier in the afternoon. System rebooted again and BOAI appeared. Unit load ramped up to meet PN. No contact had been received form NGT.,Process Safety,Missed BOAI.,English,RW_ACTUALS_English.csv,Process Safety
"U4 MBFP discharge v/v drive pin sheared, x2 SSFP in service, HP heater bank tripped, lose of drum level and load reduced to recover drum level. MEL dropped from 16.33 - 17.17hrs",Process Safety,Operational Loss - U4 MBFP discharge valve drive pin sheared,English,RW_ACTUALS_English.csv,Process Safety
"U3 boiler furnace side wall tube failed adjacent a corner port door attachment, with failure external to boiler. No one in the vicinity and no injuries.",Process Safety,"PSI: U3 Boiler tube leak - External
Note: Panel of inquiry investigation in progress +42 days required",English,RW_ACTUALS_English.csv,Process Safety
On U2 RTS following bearing inspections the unit was not synchronised as scheduled due concerns with IP turbine bearing vibrations. The unit was shut down and made unavailable whilst investigations were carried out,Process Safety,Operational Loss - Unit 2 IP turbine bearing vibration concerns,English,RW_ACTUALS_English.csv,Process Safety
U1 Loss of load due to boiler pressure - MEL to 300MWSO for 30 minutes whilst firing was settled down and mills were conditioned,Process Safety,Operational loss - U1 loss of load due to boiler pressure,English,RW_ACTUALS_English.csv,Process Safety
"U1 MEL held at 60MW from 14:35 to 15:15 in order to gain access to the boiler to manually open reheat bias dampers and following sec air dampers , D group, B side of A, F & E group. Resulting in 40minute delay to reach full load.",Process Safety,Operational Loss - U1 Reduction in MEL,English,RW_ACTUALS_English.csv,Process Safety
U4 MEL held at 50MW from 15:30 to 15:45 in order to gain access to the boiler to manually open B side reheat bias damper. Resulting in a 15 minute delay to reach full load.,Process Safety,Operational loss - U4 MEL reduction,English,RW_ACTUALS_English.csv,Process Safety
U2 MEL reduced from 500 to 400MW from 19:00 TO 19:45 due to 'B' Airheater tripping. Gas outlet dampers were set at 85%.,Process Safety,Operational Loss - U2 MEL reduction,English,RW_ACTUALS_English.csv,Process Safety
"U2 Low Leak Fan failure with high vibrations that started shortly after fan start. Ran for approx. 15min in total before motor trip. Outboard bearing casing, shaft seals & pedestal found in pieces on local gantries.",Process Safety,PSNH - U2 Low Leak Fan failure,English,RW_ACTUALS_English.csv,Process Safety
Motor tripped due to high bearing temp,Process Safety,Operational Loss - Unit 4 D Mill motor,English,RW_ACTUALS_English.csv,Process Safety
Reheat bank tube leak,Process Safety,Operational Loss - Unit 1 Boiler Tube Leak,English,RW_ACTUALS_English.csv,Process Safety
"Unit 4 - B side, Suspected superheater pendant tube leak",Process Safety,"Operational Loss - Unit 4 - B side, Suspected superheater pendant tube leak",English,RW_ACTUALS_English.csv,Process Safety
"On 08 th Nov 2020, at 11:59 hrs CPU 01 trip due to the Failure of UPS SMX3000HV (which is an old one kept for worst case scenario, as the Primary UPS is under repair by vendor) & CPU 02 trip because of TRIP of P-1-001 reasoned for pressure surge in the suction loop, this in turn caused higher suction pressure in P-2-001 and tripped UNIT 2. As the result of this failure SCADA monitor and BMS panel black out and Fire alarm signal received in VTTI terminal panel. Immediately CPU Panel operator informed it’s a Faulty alarm to VTTI terminal CR and refinery CR & HSE. Uniper Electrician bypassed fire alarm relay. The detailed incident sequence mentioned below. CPU 02 startup activity commenced at 1300 hrs and same day at 17:30 CPU 01 Faulty UPS replaced and CPU 01 plant startup resumed.",Process Safety,"On 08 th Nov 2020, at 11:59 hrs CPU 01 trip due to the Failure of UPS SMX3000HV",English,RW_ACTUALS_English.csv,Process Safety
On 17th November’20 at morning around 1030 hrs. The Field operator during his rounds at CPU-1 noticed sea water leaking through the ½” drain valve of the HE 004 heat exchanger CPU 01 (which is recently installed by Altrad). Field operator immediately informed at the CCR and Sea water inlet and outlet isolated immediately.  Field operator informed this incident to maintenance manager and mechanical technician. Technician put a ½” MS plug on the HE 004 drain hole after that Sea water inlet and outlet line up commenced.  During the initial inspection the drain valve piece was checked and found that there was heavy corrosion on the internal base of the barrel nipple,Process Safety,The Field operator during his rounds at CPU-1 noticed sea water leaking through the ½” drain valve of the HE 004 heat exchanger CPU 01.,English,RW_ACTUALS_English.csv,Process Safety
Site radios failed on all channels; no ability to contact anyone on site,Process Safety,Operational Loss - Site radio failure,English,RW_ACTUALS_English.csv,Process Safety
ID Fan tripped 2U4A online error code,Process Safety,Operational Loss - Unit 2 B ID Fan,English,RW_ACTUALS_English.csv,Process Safety
"SEV Band 2 Pulsation exceeded alarm limit of 75 during the run which caused PLS, alarm then cleared but PLS could not be acknowledged and so unit tripped a few minutes later.",Process Safety,SEV Band 2 Pulsation PLST,English,RW_ACTUALS_English.csv,Process Safety
"Unit 3 's MEL had to be reduced on the unit return due to Milling Plant issues, this led to generation imbalance.
Only one Mill group started out of the first 4 mill groups selected for return.
'D' Mill Motor VCB rolled through, 'H' Mill Motor VCB rolled through, 'B' Mill lube oil pump failed to start.
this led to the unit reaching Full load 17 minutes late.",Process Safety,Operational Loss - Reduced MEL on Unit 3 start up.,English,RW_ACTUALS_English.csv,Non-Process Safety
"Unit 4 came on load and the SCR began to go into service as expected. For reasons unknown the SCR began to shut down, bypass dampers opened.
Unit load held under NOIA from National Grid.

Load picked up and SCR went into service late.",Process Safety,Operational Loss - U4 SCR shutdown,English,RW_ACTUALS_English.csv,Process Safety
"GT 4 Was called to run on a falling frequency occurrence, but it failed to synchronise and load up.",Process Safety,Operational Loss - GT 4 Failure to synchronise,English,RW_ACTUALS_English.csv,Process Safety
"at 17:25 Steam turbine tripped due to high condenser level, which had the effect of tripping the gas turbine unit . unit declared to 0 MEL until 23:59 .
found 10GHC20AA002 emergency filling valve showing closed but flow indication showing 10kg/s , 10LCA20AA451 drain valve open .
engineering contacted",Process Safety,unit full load trip,English,RW_ACTUALS_English.csv,Process Safety
"Valve 10EKT25AA101 FG P/HTR CIRC CTRL-V faulted with ‘Trouble Alarm’ and ‘Status Discrepancy Not Closed’. The valve had to be put in local operation at the Fuel Gas Pre-heater location and then manually operated in the open and closed  directions, the ‘fault re-set’ was then operated to clear the fault.  Multiple notifications under 21347109 are available to view valve fault history.  
During the valve fault the flow rate on the heating water side dropped and shut down the fuel gas preheater program.
 When the fuel gas preheater shuts down cooler natural gas flows to the GT burners. During this transition from Hot Gas to cooler gas the Gas turbine suffers combustion instability and combustion chamber rumble occurs causing GT Humming protection systems to operate.  
On the morning of 29-03-2021 the GT Humming protection operated as a direct result of cooler natural gas temperatures causing 0.2s to be added to the humming counter, there was a slight drop in load as the GT setpoint controller was switched off causing a slight imbalance during a load transient.",Process Safety,Fuel Gas Pre-Heater shutdown / tripped causing GT Humming.,English,RW_ACTUALS_English.csv,Process Safety
Mein Dienstlaptop wurde zusammen mit einem privaten Rucksack in einem Restaurant gestohlen.,Process Safety,Laptop gestohlen,English,RW_ACTUALS_English.csv,Process Safety
"Work had been completed on the A-site fire system, and the system had been charged and was holding at 11 bar with out the need for the jockey pumps to cut in.
At 08.26 shortly after a Hydrant key had been collected for CW cleaning works, Jockey pump 2 cut in followed quickly by the electric fire pump.
It was assumed that the guys using the fire system on the CW  works had caused this.
When checking the A-site fire system @ ~09:30 the drain on the fire system manifold adjacent to block house 3a was found open.
This valve had not been open overnight and no permission had been given for the valve to be opened.
Taking into account the amount of water around the drain valve it is thought that it was opened at around the time the electric fire pump cut in.",Process Safety,Unauthorised operation of part of a safety system.,English,RW_ACTUALS_English.csv,Process Safety
"Whilst maintaining an Amine dosing pump,  12SIRPP230, The suction pipework of an adjoining pump was  disturbed and a plastic fitting broke which caused a leakage of Amine.",Process Safety,Broken Plastic fitting on dosing pump,English,RW_ACTUALS_English.csv,Process Safety
"A build up of dust over time has led to issues with Rapping Gear which will require the unit off to rectify. Following identification of full hoppers, multiple blockages have had to be worked on and cleared to return the system to its normal operating parameters.",Process Safety,U1 Lower Precips A side hoppers dust build ups,English,RW_ACTUALS_English.csv,Non-Process Safety
"It was observed that U7's load was lower than expected. 
Upon investigation it was discovered that the TIT LPT was at 1270 Degrees with the GT relative power at 100%; this temperature should be at 1290 Degrees in normal operation.
It transpired that the TIT LPT had been reduced using a simulation that hadn't been authorised, there was not a PEM 109 recorded for any simulations on the firing temperatures. This firing temperature simulation is still in force awaiting a Unit two-shift for removal.",Process Safety,Unit 7 TIT LPT temperature unauthorised change.,English,RW_ACTUALS_English.csv,Process Safety
"at 13.13 the control room received UMC vent system fault and upon a quick local investigation at local Panel a smell of burning was discovered.
found that two phases 1 on fan 2 and 1 on fan 3 had burnt. and fuse carriage on red phase on fan 3 had damage.
Simulation applied By C&I and GT program  restored back to full to full load after 300mw pulled off machine.
UMC  doors open to aid cooling in turbine hall.",Process Safety,UMC Vent Fault,English,RW_ACTUALS_English.csv,Process Safety
An incident occurred during the transformer testing which led to a huge MVAR swing of +160 to -78. This caused the grid voltage to drop from 136KV to 122KV. National Grid have now issued us with a Significant Incident Report to investigate and provide information on what happened and what went wrong.,Process Safety,Enfield issued with an SIR from National Grid.,English,RW_ACTUALS_English.csv,Process Safety
"During a unit walkround  a blank was discovered to have wound itself off of the bottom of a 2"" drain on the base of the GT exhaust, exhaust gas leaking from this drain line would be in excess of 600C.",Process Safety,Unit 8 GT Exhaust Drain leak,English,RW_ACTUALS_English.csv,Process Safety
Hot work above the TX caused 2 small fires under the Bucholz relay and adjacent to the HV terminal box. Damage to the relay and cabling required the transformer to be taken out of service and isolated.,Process Safety,Unit  2 'Y' 11Kv Transformer fire,English,RW_ACTUALS_English.csv,Process Safety
"Unit 6 was at full load when:
IP steam SH OL press indication has gone BDQ opening superheater drain valves while on load - Additional signals have since gone into channel error inc:
T IP steam out 61-lab-30-ct002
T transition duct 61-HBK-70-CT006
F IP steam out 61-LBA-30-FF901
F IP SH stm out 61-LBA-30-CF002
T RHTR2 Drain 61-HAJ-30-CT009.
The issue was found to be the penetration seal on the boiler leaking exhaust Gas, when the temperature was checked the temperature was found to be over 600C on the surface of the lagging.",Process Safety,U6 HRSG penetration seal leak.,English,RW_ACTUALS_English.csv,Process Safety
Plug in electric radiator / heater found by Facilities (Jenny Hamyln) with plug burnt around live damaging both the heater plug and wall socket.,Process Safety,Wall plug overheat / failure,English,RW_ACTUALS_English.csv,Process Safety
Unit 2 A stream train 2 shut off valve (protection valve) did not shut when trains changed over and both trains were found in service with the A2 shut off valve discrepant.,Process Safety,PSO - Unit 2 AFCU Shut off valve,English,RW_ACTUALS_English.csv,Process Safety
"Unit tripped full load on 400KV protection due to 400KV  Generator Transformer cables oil pressure monitoring failure. A junction box relating to the Generator Transformer cables oil pressure monitoring system in the 400KV sub station was found to be full of water.
Unit was unavailable for 8hrs causing approximately 3200MWhrs of imbalance.",Process Safety,CDC unit protection 400KV trip.,English,RW_ACTUALS_English.csv,Process Safety
"The North East ground floor structural support for the HRSG casing has moved eastward and is no longer providing structural support for a length of about 10 meters. Consequentially, movement has been observed on the north side of the HRSG and associated connected pipework.
Other supports on the unit have been inspected with no indication of signs of further failure.",Process Safety,Unit 3 HRSG Structural Steelwork Detached from HRSG Casing,English,RW_ACTUALS_English.csv,Process Safety
"Unit 3 synchronised 13 mins late, suspect due to issues with Gov valve / Auto run-up sequence and valve gear opening time.
Gov valve run up selected, crack open ESV's selected prior to firing, Ramp open selected at 300mbar and chest drains opened for warming, auto start applied but ESV valve only opened less than 20% on only the pilot valves. Turbine ran up to 3000rpm on pilot valves with governor valves open more than expected. ESVs did not open @ 3000prpm.  Shutdown applied to turbine, turbine was then reset & a pilot ESV start was selected.
Issue may have been compounded by Turbine tripping off barring / steam barring.",Process Safety,Unit 3 synchronised 13 mins late.,English,RW_ACTUALS_English.csv,Process Safety
"Inadvertent trip of ESD system at Blyborough AGI led to CDC dropping load from instructed physical notification of 387MW, to SEL at 194MW.",Process Safety,Inadvertent ESD Trip at Blyborough AGI,English,RW_ACTUALS_English.csv,Process Safety
The air pressure gauge on IP  Pressure Control Valve 81-LBA-30-AA004-KA01 has inadvertently been snapped off  releasing instrument air until the air isolation valve was shut away. Gauge snapped off after being struck by a lagging box that was being carried by a lagger in the basement of U8's HRSG.,Process Safety,Air Pressure Gauge Inadvertently Snapped Off,English,RW_ACTUALS_English.csv,Process Safety
Dumper Truck reversing struck lamp post due to sun in drivers eyes,Process Safety,Damage to Lamp post,English,RW_ACTUALS_English.csv,Non-Process Safety
W Sw.bd tripped on protection which led t o both ID fans tripping and subsequent loss of firing plant through interlock tripping. ultimately resulting in unit coming off load @ 08.27.,Process Safety,Operational Loss - W Switchboard trip causing loss of firing plant,English,RW_ACTUALS_English.csv,Process Safety
"3F Coal feeder failed, no spare milling plant therefore MEL dropped to 400MW",Process Safety,Operational Loss - U3 F Feeder failure.,English,RW_ACTUALS_English.csv,Process Safety
"Following the effects of Storm Eunice and the high winds experienced across site on 18th February, U61 HRSG Chimney underwent a thorough and extensive inspection/integrity assessment resulting in the following findings; loose foundation plate holding down bolts, defects/wear across a number of tuned mass damper components and areas of deformation/bulging just below the 27m level platform.",Process Safety,"U61 stack damage (Storm Eunice).
Superior case 23797 U71 stack collapse",English,RW_ACTUALS_English.csv,Process Safety
The hire car I was driving on a dual carriage way was hit by a lorry trying to change lane and not seeing me.,Process Safety,"Road Traffic Accident, A282, Dartford, Kent.",English,RW_ACTUALS_English.csv,Non-Process Safety
"Ball joint securing damper failed and prevented SCR gas pass purge, thus no permissive to initiate start on oil burners",Process Safety,Operational Loss - Unit 4 A-Side SCR Inlet Damper,English,RW_ACTUALS_English.csv,Process Safety
"Leak observed from P 003 suction strainer STR-1-003, furnace and pump stopped immediately , suction and discharge valves isolated.",Process Safety,"Leak observed from CPU-1, Pump P-003.",English,RW_ACTUALS_English.csv,Process Safety
"As part of Outage welfare arrangements, car parking is on the adjacent EDF site. Cars pass though EDF site access gates to leave the site, the gates are opened and manned by Uniper security. During the evening end of shift a contractor was driving through the vehicle gates when a just of wind blew the gate shut striking the car passing through.",Process Safety,EDF site gate blew closed impacting a contractors car,English,RW_ACTUALS_English.csv,Process Safety
"U3 B1 Boiler stop valves has driven through its actuator closed limit, torque limit which in turn has caused mechanical damage to the valve bridge/physical stop and potentially the valve internals.",Process Safety,Operational Loss - Unit 3 Defective B1 Boiler Stop Valve,English,RW_ACTUALS_English.csv,Process Safety
"At 1620 hrs  CPU-1 UPS failure occurred and SCADA HMI went to black out. 
Fire deluge alarm activated and Unit tripped. After that Furnace Oxygen analyzer cable failure.",Process Safety,CPU 1 UPS failure,English,RW_ACTUALS_English.csv,Process Safety
Unit 4 FGD absorber has liquor leaking from the 'B' Recycle pump drain tell tail (suspect diaphragm split) and this liquor is flooding the adjacent road 26 and into the surface water drains. Road is barriered off to stop traffic and pedestrians.,Process Safety,Unit 4 FGD Absorber liquor spill,English,RW_ACTUALS_English.csv,Process Safety
•	At around 1.5 hours into an GT open cycle run a gas alarm on both gas detectors 11 and 15 (both directly under the GT) was received giving greater than 5% LEL and standing. Upon investigation there was a noticeable smell of gas but no levels of gas detected on the handheld gas monitor. A decision was made to de-load the GT and desynchronise.,Process Safety,Gas alarm A1 (greater than 5% LEL) during GT Open Cycle run.,English,RW_ACTUALS_English.csv,Process Safety
Power plant tripped from full load due to operation of IP Bypass Injection Water flow protection.,Process Safety,Plant trip - protection system operated.,English,RW_ACTUALS_English.csv,Process Safety
Unit 6 was returning to service from an outage and when the steam turbine was in service the unit was struggling with poor vacuum... to the extent that the start up ejector was having to be used to keep the unit on load. A survey was undertaken with an ultrasonic camera and air ingress located on one of the pipes entering the flashbox.,Process Safety,Unit 6 Vacuum loss.,English,RW_ACTUALS_English.csv,Process Safety
GT21 gas leak during run up detected on 01CYE71CD055 - ignition solenoid gas valves. Value peaked at Alarm level A! ( 20% lel)Unable detect any Methane with personal  gas detector,Process Safety,Gas Leak on GT21 Ignition Valve,English,RW_ACTUALS_English.csv,Process Safety
"During plant walkdown it was noticed that there was a gland leak from the HP ISDSH Spraywater CV, this deteriorated rapidly resulting in a full gland blow out.",Process Safety,U6 HP ISDSH Spray water Control valve Gland failure - resulting,English,RW_ACTUALS_English.csv,Process Safety
At approx. 07:20 a multi core signal cable seems to have come loose from its trunking. Once it became loose it have been dragged into fan 5.3 and pulled from its junction box. This took out several ACC T/C's and then 4 ACC vibration signals which caused the 4 fans to trip. The cable is low voltage and no other cable has been found at present. Fans are isolated to prevent further entanglement.,Process Safety,ACC Signal cable became caught in a fan causing damage to cable and tripping 4 fans.,English,RW_ACTUALS_English.csv,Process Safety
"Unit 8 MCW Pump 1 Control Valve positioner fault BDQ resulted in PLST of unit. Standby MCW Pump 2 did not cut in in time to keep the unit on load. With the unit in a tripped state , the HP Bypass Valve failed to fully open lifting safety valves in the process. Valve opened to only 14% with the setpoint of the valve looking to be open over 40%. Suggests the valve may have been pressure locked.",Process Safety,Unit 8 MCW Pump 1 Control Valve positioner fault BDQ resulted in PLST of unit.,English,RW_ACTUALS_English.csv,Process Safety
"Repeat failure.
Reference previous case ~32077 (superior)
U6 RTS 21:00 Feb 27.",Process Safety,U6 ISDH CV 61LAE51AA0017 spindle gland failure.,English,RW_ACTUALS_English.csv,Process Safety
"Switchboard 10BMA voltage <min alarm caused the Main Lub Oil Changeover tile to initiate a pump change over. This also caused the Diesel Generator to cut in and sychronise to 10BMA and open the coupler between BMA and BHA. The Lub oil pumps then continued to swap over until No.1 Lub Oil Pump tripped at the switchboard.
Volt drop on 10BMAA switchboard was negligible, only from 410V to 407.5V.
Module required off load to shutdown Diesel Generator and sequentially close BMA and BHA coupler 10BMA01GS001.",Process Safety,Diesel Generator cut in and synchronised to switchboard 10BMA whilst on load.,English,RW_ACTUALS_English.csv,Process Safety
"During a planned task in the GT Hall, the crane was being moved to carry out a function check on the line of sight gas detectors. As per the procedure,  the crane pendant on the gantry was moved to avoid the steel structures that were a modification to the area, after the crane was installed.  As the crane moved forward, the pendant passed the first steel structure, the crane was then put into the second speed function to complete the journey. As the crane was put into the second speed it caused the pendant by gantry swing slightly and strike the second steel structure.

As the pendant struck the steel structure it detatched itself from the pendant drive mechanism, causing the pendant box to have a controlled 3m fall to the gantry floor.",Process Safety,Crane pendant struck steel structure,English,RW_ACTUALS_English.csv,Process Safety
"Roll-Call

Currently our electronic Muster is not working, as process dictates when this goes down we start a manual roll-call and so this is what we have been doing now since Thursday night, however with tomorrow being the first working day for a lot of new contractors coming to site and for visitors and deliveries it could be a very busy day, especially in the morning.

This issue with the electronic Muster arose a couple of weeks ago when Secure One came to do updates, my worry now is that this could end up being a lengthy process and everyday this takes to get fixed takes a significant hit on other duties but also it can take a lot out of the team. I don’t believe there is an ETA on when this issue will be resolved too.

Since the updates took place we have noticed that everyday without fail our access computer loses connection at approx. 11:15am and when creating new cards for permanent staff/contractors the UNIPER template for the front of the cards is not correct. (This has been reported to Kevin Braine).",Process Safety,Access Control System failing,English,RW_ACTUALS_English.csv,Process Safety
A BOA Instruction was received from national grid on the Killingholme EDL screen for a run on Module 2 with a Sync time of 10.40. However the BOA had not been received on the CDC EDL screen due to a technical issue and therefore was not accepted. NGT Telephoned and accepted the BOA on our behalf and the unit was brought on at 10.41. CDC EDL system sorted and now working ok. However it has been noted that had no personnel been present in the Killingholme control room at the time then this `Run` would of been missed.,Process Safety,Potential loss of production.,English,RW_ACTUALS_English.csv,Process Safety
"A video has been made available on youtube may constitute a breach of security. The video shows the unauthorised piloting of a remotely operated drone camera over Enfield Power Station. 

https://youtu.be/xipkZ0Tn5C4

The video features detailed closeups of the plant shot from within the site security fence, in many cases from directly overhead the turbine hall, HV banking yards, Turbine Hall and ACC. 

Detail of site fence lines gates and layout can clearly be seen.

The video, entitled “Brimsdown Power Station, Albany Park, River Lea, Reservoirs and Surrounding Industrial Estates” has been uploaded to youtube by user “Sky Pirate”.

The heat plume from the stack, operating ABC fans and steam vents indicate the plant was operating at the time",Process Safety,2023-04-12 Physical Security incident - UK - Gas Turbine Fleet - Enfield - Enf. -  Process safety,English,RW_ACTUALS_English.csv,Process Safety
"IP casing diff (10MAB50FT051) was noted to be higher than normal. Seal steam valves checked out on plant (previous cause of such a high casing diff) both being in the correct position. Unable to run Unit co-ordination early due to 60min notice BOAI.
Unit coordination ran straight away to try and minimise delay. GT loaded up to 145mW and sat there until casing diff cleared some 30 minutes later releasing the Steam Turbine. The 30 minutes delay caused an imbalance of 150mW/h.",Process Safety,Operational Loss due Steam Turbine IP casing diff >30degC.,English,RW_ACTUALS_English.csv,Process Safety
"During the operator's routine walk around at 8:00 PM, hydrocarbon fumes observed from CPU 1 HE-1-002 channel head top, through a small opening. CCR was notified immediately. The CCR operator initiated ERP and called for ERT members. The furnace and plant were stopped by a CCR DCS operator. 
Other Operator from CPU 2 also arrived at the site. The flame was extinguished with DCP fire extinguishers immediately and the steam was provided through the steam hose. The incident commander and members of ERT arrived on the scene and followed FERP. The channel head area was cooled with water through a fire hose reel.
The deluge system was not activated and also no fire alarm was activated as the flame was extinguished and under control immediately.
No continuous leak was detected and no leakage to the ground was found.
The plant was cooled down and flushed with diesel in order to remove the insulation and inspect the heat exchanger.",Process Safety,"HE-1-002 flange leak, fumes and minor flame.",English,RW_ACTUALS_English.csv,Process Safety
"UTG were carrying out some inspections within the HRSG Dead space - Module 2 bottom dead space. The IP was using he's I Phone to carry out some scanning on a header, the IP had removed he's gloves to use the scanning device.   When he lowered he's right arm he caught he's hand on a vertical baffle plate which had a sharp edge left from a tack weld.",Process Safety,"Cut to hand, caught on sharp edge from plate within dead space",English,RW_ACTUALS_English.csv,Process Safety
"During routine plant checks the caustic tank bund was found to be full.
A section of lagging can be seen detached from the side of the tank.",Process Safety,Caustic tank leak,English,RW_ACTUALS_English.csv,Process Safety
"Access barrier had been put up to allow vehicles to come out from the yard.  The first vehicle went through, when the second vehicle went through the barrier started to descend and struck it.  No damage to vehicle but barrier broken.",Process Safety,Access Barrier,English,RW_ACTUALS_English.csv,Process Safety
"On the snowy highway, other car in fast line turned and pushed me to crash barriers. Resulting on the damage of employees private car.",Process Safety,Car accident (damaged on private car),English,RW_ACTUALS_English.csv,Process Safety
"During active injection nomination, one of the pressure transmitter on the stripping gas main failed, leading to high pressure alarm from the contactor TEG outlet and a high pressure on the rich buffer vessel. This did not allow the stripping gas flow control valve to open past 50%, when required.",Process Safety,Failed Pressure Transmitter on the Stripping Gas Main,English,RW_ACTUALS_English.csv,Process Safety
"At 16:40h the unit had a full load trip from 386MW/SO. ROMS was called at 16:51h. The unit was REMIT'ed out to 21:30h at 0MW. after investigation it was found that the trip was caused by aIP By-pass trip signal (10MAN51EZ001) which was instigated by a IP water injection flow protection (10MAN53EZ110). The IP by-pass spray water flow went below 0Kgs (-0.5kgs) on channels A and B, which has caused the unit trip. The IP by-pass was closed at the time and the IP Throttle valve was at 99% open. Paul Cockram and Will Hammond investigated the trip. A temporary simulation has been put in place whilst a Siemens recommend MOD is put in place.

Unit re-synchronised at 20:42 .",Process Safety,CDC Full Load Trip,English,RW_ACTUALS_English.csv,Process Safety
HRSG Module 5 Tube Leak on IP/LP Econ,Process Safety,U7 HRSG Tube Leak,English,RW_ACTUALS_English.csv,Process Safety
"08:47 Module tripped from 291 MW due to falling natural gas pressure (<24 bar) Made unavailable until 15:00, contacted Gas Pipelines Team to attend site.",Process Safety,Module trip,English,RW_ACTUALS_English.csv,Process Safety
"A new skip driver/company to site was allowed through the vehicle entrance by EDF gatehouse but not provided with instruction on where to locate stores. As a result, the driver turned first left , past the WTP, and was found looking for an open door into the boiler house. No PPE was being worn over the PPE line.",Process Safety,"2025-02-28 Physical Security incident - UK - Gas Turbine Fleet - CDCPK - CDC -  Physical Security Incident, Process safety, Personal Injury case (details in Consequences or Loss Potential tabs)",English,RW_ACTUALS_English.csv,Process Safety
"HRSG Tube leak on Module 5, IP/LP Econ",Process Safety,U6 Boiler Tube Leak,English,RW_ACTUALS_English.csv,Process Safety
CW Discharge Pipework failure. Main CW pimp Inservice and unit shutdown at time of failure. Water was seen coming up from ground in area of previous CW pipework discharge repair.,Process Safety,CW Discharge Pipework Failure,English,RW_ACTUALS_English.csv,Process Safety
"A program of structural work was in progress across the 4 GT air intakes. Whilst  continuing the work within GT 12 air intake top section, a member of the working party noticed smoke escaping from the bottom section of the filter house. No hot work at that time was been carried out in the bottom section. Work was immediately stopped and an attempt was made by the working party to extinguish using fire extinguishers  at the point of work. This was unsuccessful and the control room was contacted, and the site alarm was raised at 15:33 evacuating the site. The site team was dispatched and fought the fire using fire hoses from ground level. The 1st fire tender arrived on site at 15:46 and continued to fight the fire. The fire was declared out at 16:04. Hot work as currently been stopped on site. A full investigation is ongoing",Process Safety,Fire in GT 12 air intake filter house,English,RW_ACTUALS_English.csv,Process Safety
"Unit was on outage, with the open cycle CW pump in service,  at 11:48 control room operator heard a bang through the open window, and alarm  - Pres Beh open cy pum < 1.5 bar received.  Pump discharge pressure had been running at 2.9 bar but took a spike down to 0.5 bar, pump remained in service. ST forced cooling in progress, condenser vacuum and hotwell level remained constant. Outside operator observed water emanating from the ground and into the rain water pit and coming up through the drainage sump covers.  At the time is wasn't clear how fast water levels would rise and how much water there would be so the final discharge drainage pumps were left in service for 30 minutes until levels receded, before manually tripping.  water level has now soaked back into the ground but has left a sink hole by the drainage pumps",Process Safety,Main Cooling Water - Pipe failure - Loss of containment,English,RW_ACTUALS_English.csv,Process Safety
Unit was coming back from outage and the GFR control  oil system was put in service.  Oil was found coming out of HP lower governor filter diff pressure switch.  Technician managed to shut away the pressure switch to stop the leak.  The pressure switch was replaced during the outage.  Upon closer inspection it was found that the rating on the side of the pressure switch was 12 bar or less.  The system it was fitted on runs at 120 bar.  The markings on the side of the pressure switch were very small and almost ineligible. After investigation it was found this indication was sensing pressure range and not max pressure. Switch was rated for system integrity wise.,Process Safety,Pressure switch failure leading to oil release,English,RW_ACTUALS_English.csv,Process Safety
"Unit MEL from 480MW to 430MW from 20.05hrs 17/04 until 00.01hrs 18/04. C Precip pass performance was poor with C3 known problem, C2 would not go in service and C1 low kV and mA. Load reduced to 430MW and C precip inlet damper closed. C1 & C2 faults investigated but unable to resolve. MEL reduced to 400MW to reduce dust inlet to FGD",Process Safety,Ops loss - Unit 4 stack dust CEM / CDAS readings high,English,RW_ACTUALS_English.csv,Non-Process Safety
"Various personnel across Grain have repeatedly had network connectivity issues.
This has caused:
Teams meetings constantly cutting in and out.
No remote support from ABB for the DCS.
No remote support from Hi vision.
Lack of connection to ABB DMZ.
Beran Connectivity Issues

The control room having major issues with Genstar connectivity. 
This resulted in the Grid using telephone BOA's. This could have been the reason for the units being off due to the issues with phone instructions.",Process Safety,"Lack of Grain """"IT"""" network availability",English,RW_ACTUALS_English.csv,Process Safety
UTA Central heating pipework failed above access door spraying steam and water around area. Scaffolding was taken place nearby and was immediately reported to the control room.Scaffolding working party immediately withdrew from area.,Process Safety,Central heating pipework failure,English,RW_ACTUALS_English.csv,Process Safety
"IP slipped on the floor in the auto tig area in between the constructed wall and the heat treatment oven. IP was going to assist with the CQ flender clutch gear assembly and fell.  

As a result IP caught his right elbow on the ‘C’ channel that is bolted to the floor – diagram has been attached for reference to demonstrate location on arm where injury has accord.",Process Safety,Slip within the auto-tig area leading to a fall,English,RW_ACTUALS_English.csv,Process Safety
"During plant maintenance of the Claroty system, on restart of the Garland Tap aggregator switch the control system application highway suffered network traffic overload, causing the Thin Clients to be disconnected and loss of operator control.",Process Safety,2023-08-16 - UK - Gas Turbine Fleet - CDCPK - Killingholme,English,RW_ACTUALS_English.csv,Process Safety
"Im stabilen Anlagenbetrieb ist eine 2"" Entwässerungsleitung im Hochdrucksystem geborsten. Dampf ist ausgetreten und hat diverse Schäden in der Anlage verursacht. Personen waren nicht betroffen, da sich zum Unfallzeitpunkt niemand in der Anlage befand. Erste Analysen haben ergeben, dass an dieser Stelle ein falsches Rohrleitungsmaterial verwendet wurde.",Process Safety,Geborstene Entwässerung einer Hochdruckleitung im Kraftwerk der SOCAR-Uniper LLC in Aserbaidschan.,English,RW_ACTUALS_English.csv,Process Safety
"Whilst putting the WTP I/S after the NACLO delivery this morning, UF B was backflushed and went into service with no issues. After allowing the Filtered water tank to fill, SWRO B was started, it flooded up, the feed pump started raising the pressure to 27 bar, the booster pump then went in service and pressure rose to 37 bar and just as we were going to go out the lab door into the WTP there was a bang and we saw water at pressure being omitted from the pipework. The process was shut down and we found that the permeate pipework bend had blown off and had landed by the toolbox by the switchroom door.",Process Safety,WTP SWRO B Permeate Pipework Failure,English,RW_ACTUALS_English.csv,Process Safety
During ACC Hoist fault investigation found that Pendant cable got caught and squeezed between the hook/chain and the hoist motor cover .,Process Safety,ACC Hoist Pendant cable damaged,English,RW_ACTUALS_English.csv,Process Safety
Whilst pressure testing the PGB-PCB cooler (design pressure 12 bar/ Operating pressure 3 bar) the contractor raised the pressure in steady steps. It was planned to raise to the design pressure but got to 8 bar and it was noted two leaks on the inlet pipe spool on the stub branches. The pressure was dissipated safely and the test stopped.,Process Safety,PCB water leak whilst pressure testing the PGB-PCB cooler.,English,RW_ACTUALS_English.csv,Process Safety
"Contractors working in area noticed Ladder had 1 securing bolt missing. Ladder was still secure and not loose. Once they noticed, they barriered off the area and consulted Uniper Engineer. Bolt then replaced with new and other bolts checked for tightness and they were all OK.",Safety,Access Ladder Missing Bolt U7 Next to Preheater Pumps.,English,RW_ACTUALS_English.csv,Process Safety
"10/06/25 10:03 LO PP2 tripped while in service and Unit on load.
LO PP1 and DC ELOP started OK.
10/06/25 14:50 Unit on barring. LO PP2 started for test. Tripped straight away. Locally there was observed approximately 300mm of flame and flash.",Safety,U6 Main LO Pump No.2 electrical trip,English,RW_ACTUALS_English.csv,Process Safety
"I arranged for the waste electrical skip to be removed from site. I was only informed on the day that they would be collecting, so I didn't have time to put them on the visitor system or inform Facilities to let me know when they arrived.  
I noticed a skip lorry on the roundabout outside Reception and Dave Gray was talking to the driver. The lorry then drove off, with what looked like the electrical skip on the back. When i checked outside it was that skip that had been taken away, without either the Gatehouse or Reception ringing me to confirm.",Process Safety,Waste Electrical Skip,English,RW_ACTUALS_English.csv,Process Safety
"From Outage carpark adjacent to overflow carpark, vehicle parking railway sleepers x 2 missing and evidence of vehicle tracks on stones running along gas pipeline to pedestrian walkway.",Process Safety,Vehicle access off from designated route,English,RW_ACTUALS_English.csv,Process Safety
"During safety inspection of coal bunker house, several observations found relating to provision of safe access.",Safety,Observations relating to safe access found during safety inspection,English,RW_ACTUALS_English.csv,Process Safety
"During work on effluent stream 2 valves, an air valve was removed and the isolation valve was passing. Working party were all wearing PPE as detailed in their COSHH assessment. Working party removed from the job immediately and process line was made safe by SAP.",Safety,Passing Caustic isolation valve,English,RW_ACTUALS_English.csv,Process Safety
"Whilst maintaining an Amine dosing pump,  12SIRPP230, The suction pipework of an adjoining pump was  disturbed and a plastic fitting broke which caused a leakage of Amine. Leakage was contained within bunded area",Process Safety,Amine system -  Broken Plastic fitting on dosing pump,English,RW_ACTUALS_English.csv,Process Safety
"NEDeRS Dangerous Incident Notification at Drax National Grid Substation
DIN 2025/0010/00

23-04-25 17:14 – The Yellow Phase CT catastrophically failed resulting in a localised fireball and the “top cap” being ejected. (Note: this
failed as designed).

See attached report.
Grain own 3 of the same types of CT on the Sync Comp circuit within the National Grid Substation, the 45m hazard zone encroaches onto the Grain site boundary.

Recommendations:
A Risk Management Hazard zone is to be set up around all Arteche CA420 CT's
Thermovison Scans are to be performed and oil levels checked immediately on all similar assets.
Oil samples to be taken from all Arteche CA420 CT's.",Safety,PEM120 - 400kV CT failure risk,English,RW_ACTUALS_English.csv,Process Safety
"EA inspector emailed to advise there was a NIR (National Incident Recording System) sitting on their system.

Summary of complaint:
It has been reported that 'visible pollution' has been observed on the water's surface near Turkey Brook/River Lea believed to be caused by Enfield Power Station. The affected water appears discoloured, with possible oily residue and an unnatural surface film noted. 

Complaint made = 05.04.2025
Email from inspector = 14.04.2025",Environment,Complaint received regarding possible Water Pollution at Enfield,English,RW_ACTUALS_English.csv,Process Safety
Safety walk on the 27th March on of Rooms 414/414A/Journals Room,Process Safety,Safety Walk,English,RW_ACTUALS_English.csv,Non-Process Safety
"The station radios are not very reliable at the moment (intermittent communication problems), this appears to have happened since the upgrade of the Radios.",Safety,Site communication Personnel  Radios not functioning correctly.,English,RW_ACTUALS_English.csv,Process Safety
"When attempting to prove that a three way valve on SWRO 'B' 90-GCF-20 was suspected as passing, when meant to be in the closed position, the manual discharge valve after the 3 way 'closed' valve was slowly pulled in. This caused the discharge pipework to over pressurise and resulted in several pipe branches to fail.",Process Safety,SWRO 'B' LP discharge pipework blown out.,English,RW_ACTUALS_English.csv,Process Safety
I had used the automatic pool car (volvo) for work at Connah's Quay. When I collected the car the previous week the rear drivers side tyre was appearing as low on the dashboard. I filled the tyre with air. Over the next few days the tyre went low again and I filled the tyre with air. On the 23rd of Jan it was clear that there was a leak in the tyre and i took it to Kwik fit who confirmed there was a puncture in the tyre. They also informed me the car was not fit to drive as the 2 front tyres needed to be replaced as they we not road worthy. The tyres were changed. over the next day the safety light came on for the one remaining tyre (rear passenger tyre)- I returned to Kwik fit who filled it with air and i reset the dash panel. over the rest of my stay the cars tyres remained safe.,Asset and Reputation damage/loss,Pool car required 3 new tyres,English,RW_ACTUALS_English.csv,Process Safety
"At approximately 13:30hrs on 16th June, a report came in from the station chemist of a sulphuric acid leak to the local bund in the water treatment plant.

On closer inspection, it appears the bottom elbow coming out of the sulphuric acid measuring tank is a previous repair that has failed.

No persons were injured and the leak was contained.",Safety,Sulphuric Acid leak,English,RW_ACTUALS_English.csv,Process Safety
Canteen cooking oil container left on pathway.  Baxter Storey storage over loading and spilling on pathway,Safety,Canteen Cooking Oil container left on pathway,English,RW_ACTUALS_English.csv,Process Safety
Scaffolder gone to work area storage container to collect new overalls,Safety,Shorts and flip-flops being worn in a 'working area',English,RW_ACTUALS_English.csv,Process Safety
IP received a cut to inner part of thumb from a jubilee band on an air impact tool while clearing a tool chest in the mechanical workshop,Safety,First Aid incident in workshop,English,RW_ACTUALS_English.csv,Non-Process Safety
IP presented with what appeared to be an allergic reaction in eyes. Both were; swollen puffy and red.,Safety,Swollen eyes,English,RW_ACTUALS_English.csv,Non-Process Safety
IP was using Squat Rack in gym and got a paint splinter from a flake of paint on the equipment,Safety,Paint Splinter,English,RW_ACTUALS_English.csv,Non-Process Safety
This morning it was decided to clean the outside compound of leaf's and plants as per the requirements of a previous incident. This lead to a wasps nest being disturbed and the IP receiving two wasp stings.,Safety,Disturbed wasps nest,English,RW_ACTUALS_English.csv,Process Safety
"The IP was removing a machined component from the plate that it was cut out of. Whilst doing so, the tool that the IP was using slipped, causing a small cut to the IP's finger. A plaster was applied.",Safety,Small cut to finger using hand tool,English,RW_ACTUALS_English.csv,Process Safety
IP walked into a door jamb and bumped forehead and nose. The IP paused in the corridor whilst looking at a Safety sign along the corridor and then continued to move toward the toilet without looking in the direction he was walking in.,Safety,IP walked into a door jamb,English,RW_ACTUALS_English.csv,Process Safety
"The IP was opening the valve during the process of proving an isolation on 'C' make up pump. The IP and a second person were opening the valve together when the IP left his hand on the valve and it ‘slid’ between the valve and the scaffold positioned adjacent to the valve {scaffold in situ from B make up pump motor work}, causing swelling and a small laceration around the nail on middle finger and a graze to ring finger.",Safety,Trapped finger on 'C' Make Up Pump Suction v/v,English,RW_ACTUALS_English.csv,Process Safety
During welding works inside the Can sections for the new stack a welder was working using magnets to secure his welding blanket to the side walls of the can sections.  His trailing light lead caught around one of the magnets and pulled it off causing it to fall down to the level below.  The distance travelled is approx 3.5 mtrs.  The weight of the magnet is approx 300gms.  Un be known to the welder at the higher level there was another welder on the level below directly in line.  the line of sight was blocked due to the welding blanket being in the position that it was.  The magnet fell and struck the welder below near to the crown of his head.  Colleagues immediately called for the first Aid and a dressing was applied to stem any bleeding.  Client was notified  immediately and all other notifications sent within the golden hour.  The IP was taken to the hospital where he was checked for concussion and glue applied to the laceration.  The IP has returned to work this morning.,Safety,Dropped Object from Height causing injury,English,RW_ACTUALS_English.csv,Process Safety
Informed by Z-tech that one of their operatives hurt themselves whilst carrying out a cable pull,Safety,Cable pulling incident,English,RW_ACTUALS_English.csv,Non-Process Safety
"Location: HRSG 27M Level - LP Drum External - Northside Shell 
-	Altrad Grinder undertaking grinding activity (excavating 4mm to remove defect) on LP Drum external shell. Full PPE worn inc. full face mask and area set-up for Hot-Works. 
-	Whilst undertaking works, train of grinding sparks was directed to his body/abdomen.
-	Grinder realised burning sensation on his right abdomen and immediately stopped.
-	Grinder patted out the burn/hole on his overall realised the burn seeped through his T-shirt and burnt his skin (first layer).
-	Grinder immediately vacated the area and contacted Site Manager.",Safety,Grinding activity causing small burn to abdomen,English,RW_ACTUALS_English.csv,Process Safety
Injury to individual during routine use of lathe.,Safety,Injury to finger during use of lathe machine,English,RW_ACTUALS_English.csv,Non-Process Safety
Technician sustained minor cut to left hand index finger when tightening a pipe union next to a sharp metal cabinet casing edge. First aid self administered by cleaning and fitting plaster. Technician was wearing gloves.,Safety,Minor cut on finger from contact with metal edge on cabinet casing,English,RW_ACTUALS_English.csv,Process Safety
"6th May 2023, a SWAT Operative working for Dominion sustained an injury to his finger that resulted in a cut and a broken bone. The IP was working on the installation of U61’s TMD at the time, undertaking the final tighten of the bolts and this was the last nut to be tightened. The injury occurred when his finger got trapped between the tightening equipment and the adjacent nut/steelwork.",Safety,Entrapment of Finger during torqueing operations using a cordless Torque Multiplier Powered wrench - resulting in broken finger.,English,RW_ACTUALS_English.csv,Process Safety
"AT 11:30 IP attended engineering office and informed ERSHE of incident. 
An empty pallet with just a cardboard sheet on it was driven in to the waste area on a FLT. The pallet was placed down and the IP went to remove the cardboard for waste separation. As the cardboard was removed a loose pallet slat pivoted upwards and struck the IP. The IPs nose was struck as well as a small cut below his eye. Transportation options offered but IP felt well enough to take themselves to A&E.",Safety,IP struck on the face by loose pallet slat whilst unloading waste in to skip,English,RW_ACTUALS_English.csv,Process Safety
Whilst walking slipped backward on recently mopped tiled floor and banged head on floor,Safety,Canteen operative slipped and fell in canteen area,English,RW_ACTUALS_English.csv,Process Safety
I/P sustained injury to left wrist after tripping over a low level object at Unit 2 boiler 165’ level ‘B’ side adjacent to soot blower isolation valve 247.,Safety,Injury to left wrist,English,RW_ACTUALS_English.csv,Process Safety
"Whilst chairing a conference session  I stepped backwards off the rear of the stage dropping approx. 1 m.  I Landed on my feet and recovered quickly,  but have a pain in my back (I  was already suffering from back pain). Other people were on the platform and I was moving backwards to allow room. This incident occurred in Spain and I reported the incident to the Conference organizer. The stage had no rear barrier or highlighted edge.",Safety,Fall from Presenter Stage During Conference,English,RW_ACTUALS_English.csv,Process Safety
"When cutting a 25mm hole on a tray the drill bounced off and landed on IPs index finger resulting cutting through IPs glove and injuring IPs finger.

Timeline:

11:55 - When cutting a 25mm hole on a tray the drill bounced off and landed on IPs index finger resulting cutting through my glove and injuring my finger.

12:35 –ERSHE and CCR made aware and injury assessed and first aid have been admitted. 

15:12 - IP came into office to sigh paperwork with ERSHE, he said he felt fine and had full range of movement in finger. 

17:00 - IP released from site with no further action",Safety,Hand injury drill and 25mm Hole saw,English,RW_ACTUALS_English.csv,Process Safety
"The IP was washing his hands after assisting with the Chlorine analyser calibration routine, as he went to remove paper towel from the dispenser and cut his thumb and removed some of his nail.",Safety,Thumb injury after cleaning hands from paper towel dispenser,English,RW_ACTUALS_English.csv,Process Safety
GT CASING HAD BEEN LOWERED TO GROUNDFLOOR WITH TURNBUCKLES IN PLACE TO STOP THE  CASING FLEXING.  ONCE ON GROUND FLOOR ONE OF THE TURNBUCKLES WAS BEING ADJUSTED AND SLIPPED OUT IMPACTING THE RIGHT KNEE OF IP.  THE IP SUFFERED A SWOLLEN KNEE AND BRUISNG TO THE AREA. ICE PACK APPLIED AND IP WAS ADVISED TO RETURN TO WORK ONCE PAIN HAD EASED.,Safety,IMPACT INJURY TO KNEE DURING UNIT 1 GT OUTAGE WORKS,English,RW_ACTUALS_English.csv,Non-Process Safety
"Whilst undertaking water blasting activities, the IP reported irritation in the eye which was thought to be from a small piece of debris which had got inside the full face air fed mask.

There was a First Aider / Rescue Team at the point of work which attempted to rinse with eye wash. The eye wash did not stop the irritation hence the IP was driven by a work colleague to A&E for further assessment.",Safety,Debris in eye during blasting activities,English,RW_ACTUALS_English.csv,Process Safety
"Whilst lifting the manhole cover with a mechanical manhole lifter, a small piece (2inch by ½ inch 10mm square) of the left-hand lifting handle of the drain cover snapped off and impacted the bottom of IP's safety glasses, causing a small scratch/graze to either side of the bridge of nose with some very slight swelling.",Safety,Small cut to IP's nose from impact with projectile material.,English,RW_ACTUALS_English.csv,Process Safety
While using a Slide Hammer the IP pinched his finger between the slide and the end stop. The injury was assessed and dressed and the IP was sent to hospital for further assessment / treatment.,Safety,Pinched Finger,English,RW_ACTUALS_English.csv,Non-Process Safety
"The IP was detailed to dismantle a scaffold structure. Whilst loosening the bolt on the swivel clip which holds the raker (a scaffold tube with one end on the floor and the other end fastened to the scaffold structure at 45 degree) in position, the scaffold tube slipped from the swivel clip and struck the IP on his face.",Safety,Struck in the face by a scaffold tube resulting in a small cut under the left eye.,English,RW_ACTUALS_English.csv,Non-Process Safety
"On Friday 2/9 Siemens site management reported that a welder had been given first aid - eye irrigation by own first aiders and as a result of continued irritation a decision made to take IP to hospital for check up.  IP was diagnosed with minor burns to the cornea consistent with welding Arc-flash, the IP was released from hospital and returned to work",Safety,First aid case as a result of Welding Arc flash,English,RW_ACTUALS_English.csv,Process Safety
Trapped hand first aid treatment.,Safety,Trapped hand,English,RW_ACTUALS_English.csv,Non-Process Safety
IP was positioning a pipe support RSJ on the Reheat pipe when the RSJ slipped and trapped his finger causing a substantial laceration. He was taken to hospital for further investigation.,Safety,Trapped Finger while lifting RSJ pipe support.,English,RW_ACTUALS_English.csv,Process Safety
"Whilst undoing bolts on a designated test port at BBM plant, the stilsons used slipped and hit team members face causing small cut and bruising to nose and eye socket",Safety,Team member injured nose with hand tool at BBM plant,English,RW_ACTUALS_English.csv,Process Safety
"Work Activity: 
Salko grinder working in the GT Exhaust cutting the EGH splitlines.

Events leading to incident: 
When transiting back to the work area after completing grinding activity, IP has tripped over the exhaust diffuser access manway and using his hands to break his fall caught his palm on one of the GT exhaust liner plate bolts causing a cut to his left hand approx. 5mm length. Control room was immediately informed and first aid treatment carried out by the shift team leader.",Safety,Enfield GT Exhaust Fall and Cut Hand,English,RW_ACTUALS_English.csv,Process Safety
"The IP was holding a spanner on a flange bolt whilst another party member tightened the nut. As the other party pulled the spanner on the bolt to tighten, the spanner the IP was holding moved, causing his arm to move downward and strike a protruding scaffold clip clamping bolt with his forearm.
The IP sustained a graze to the inner forearm. The IP was wearing Siemens supplied overalls with arm sleeve coverage. The arm was fully covered at the time the minor injury occurred.",Safety,Graze to the inner forearm whilst tightening flange bolts on strainer.,English,RW_ACTUALS_English.csv,Process Safety
"Siemens engineer whilst working on steam turbine carrying out bump check on  E turbine after leaning down to remove the old key and shim to carryout measurement for manufacture of new key, the Siemens engineer caught left palm on shim.
The Siemens engineer then reported the injury to the supervisor which was then reported to the Uniper shift team leader",Safety,Scratch to left palm of hand,English,RW_ACTUALS_English.csv,Non-Process Safety
"During the manual operation of the winch, the operating lever became loose and slipped from the winch barrel. The lever rotated on the handle and struck the winch operator on the nose.",Safety,Small cut to nose after winch handle came loose and impacted IP.,English,RW_ACTUALS_English.csv,Non-Process Safety
"I.P knocked previously injured ankle aggravating existing injury. I.P was operating the pull lift to tilt Air Inlet Casing for installation, during this activity I.P foot knocked the Air Inlet Casing lifting lug.",Safety,Aggravated existing injury,English,RW_ACTUALS_English.csv,Process Safety
"During an excavation in the long field, Rayden workers had excavated the hole to 1.2m deep as per the temporary works design. On moving the first leg of the hydraulic frame into place, 1.2m x 400mm x 4m of earth gave way landing on IP's lower right leg, causing a broken ankle and requiring an operation.",Safety,Excavation Wall Collapse,English,RW_ACTUALS_English.csv,Process Safety
"Whilst taking photos of the excavation the IP took a step whilst looking through their camera and stumbled, as they fell to the ground their foot was caught in the dewatering pipework. The IP returned to the office and notified the team.",Safety,CDC - Slip whilst walking and taking photos resulting in a twisted ankle,English,RW_ACTUALS_English.csv,Process Safety
"A new electrical switch gear cabinet was being lifted from its stored position using two cabinet lifting trollies. As the IP tried to remove a piece of unistrut from under the cabinet, one of the trollies moved dropping the cabinet on tho the end if the IP's thumb.",Safety,Injured Thumb from Trapping Under Switch Gear Cabinet,English,RW_ACTUALS_English.csv,Non-Process Safety
"whilst carrying out open gap measurements on the gas turbine rotor compressor a siemens engineer was turning the rotor by hand  his right hand sleeve caught the rotor blading causing the sleeve to snag on the blade and pull his arm towards the blade tip . The compressor rotor blade cut the underside of the right forearm of the siemens engineer , first aid was carried out and the injured person was sent to local hospital",Safety,laceration to right forearm whilst taking GT open gap measurements,English,RW_ACTUALS_English.csv,Process Safety
"Whilst attempting to close the B SSFP discharge bypass valve, the headgear fell striking the IP on the hand.",Safety,2B SSFP discharge v/v headgear failure,English,RW_ACTUALS_English.csv,Process Safety
Whilst rigging the crane fly jib the wire rope deflected off a fly jib cleat and struck the IP above his left eye. This knocked off his safety glasses causing an abrasion and slight swelling to his left eye brow.,Safety,Operative received small abrasion to his eyebrow whilst attempting to thread  a wire rope around a crane fly jib pulley.,English,RW_ACTUALS_English.csv,Process Safety
While working in the PES mobile workshop a piece of dust was blown into the IP's left eye. At the time he was hand scraping old gasket from an insulator. The person on the other end of the work bench was using a hand wire brush to clean threads and the person on the other bench was tapping threads.,Safety,Small metallic particle removed from eye.,English,RW_ACTUALS_English.csv,Process Safety
"Whilst moving a push along MEWP back to its storage area , one person at the front steering/ pulling  and one at the rear pushing , a vehicle needed to pass by which meant the MEWP would need to stop, the momentum of MEWP caused it to carry on moving coming into contact with the IP’s left ankle/ achilles area.",Safety,Moving push along MEWP back to storage area.,English,RW_ACTUALS_English.csv,Process Safety
"UTG were carrying out some inspections within the HRSG Dead space - Module 2 bottom dead space. The IP was using he's I Phone to carry out some scanning on a header, the IP had removed he's gloves to use the scanning device.   When he lowered he's right arm he caught he's hand on a vertical baffle plate which had a sharp edge left from a tack weld.",Safety,"Cut to hand, caught on sharp edge from plate within dead space",English,RW_ACTUALS_English.csv,Process Safety
IP was removing a blank from No.1 Bearing Oil line. On breaking the flange there was a discharge of residual oil. In trying to avoid the oil the IP cut his finger.,Safety,Cut finger avoiding residual oil discharge,English,RW_ACTUALS_English.csv,Process Safety
"IP was erecting a scaffold at U4 turbine, A side, hot reheat pipework and was in the process of tightening a fitting when his spanner slipped from the fitting and hit him on the lip causing a small cut to the upper left hand side lip.                                                                                                                           IP reported to an Altrad first aider and had his mouth rinsed and wiped clean.                                       The cut has stopped bleeding and IP has returned to work.",Safety,Scaffold spanner slipped on a fitting causing a cut lip,English,RW_ACTUALS_English.csv,Process Safety
"During internal inspections of the HRSG an individual got a small bit of debris in their eye which required eye wash to remove and clean.
Protective safety glasses were worn for the duration of the inspection.",Safety,Debris in an Individuals Eye,English,RW_ACTUALS_English.csv,Process Safety
"During the movement of taking out the individual plates from the exchanger nest on unit 2 Static Frequency Converter, the  IP received a deep cut to the inside joint of the left index finger from a bur, that penetrated the gloves used.",Safety,Cut to left index finger sustained when removing heat exchanger plates.,English,RW_ACTUALS_English.csv,Process Safety
Employee was closing the tool draw on the back of a company pick up truck when his hand slipped and he caught his little finger on the draw slider.,Safety,Cut finger on right hand,English,RW_ACTUALS_English.csv,Process Safety
"During the dismantling of the hydro dem scaffold enclosure, a scaffolder was having trouble opening one of the clips, he struck the clip as it opened it sprung back trapping his right thumb between the clip and the installed tube, cutting his right thumb tip below the nail",Safety,Cut to thumb from scaffold clip springing back,English,RW_ACTUALS_English.csv,Non-Process Safety
"Trapped finger, replacing stator coolant resistance columns in U3 alternator pit.",Safety,Trapped finger during generator works,English,RW_ACTUALS_English.csv,Process Safety
Whilst carrying out overhaul of CW pump individual placed his foot on a scaff board that gave way leading to a stumble and a grazed thigh.  Individual had first aid and returned to work within the same shift.,Safety,Individual lost footing on scaffold in CW Pump House and sustained minor injury.,English,RW_ACTUALS_English.csv,Non-Process Safety
"IP was cleaning a milk container in the kitchen.  He used water from a wall mounted ""Burco"" type boiler which typically contains water at circa 90 deg C.  After filling the container, it slipped in the IP's hand, causing it to tip backwards and his right hand was covered with boiling water.",Safety,Scald to hand from boiler water in kitchen,English,RW_ACTUALS_English.csv,Process Safety
"Whilst at an external client's site, a magnetic limpet lamp, located just above head-height in the area that the Uniper team was working, became detached and fell, striking the IP's hard hat. The IP was checked for concussion by the local A&E and told to monitor their condition. No medical treatment was given.",Safety,Falling Magnetic Limpet Light,English,RW_ACTUALS_English.csv,Process Safety
Whilst carrying out operations to apply the float test on U3 6B HP heater the AUO burnt his right wrist on some hot metal pipework causing burns which required first aid treatment.,Safety,Burns to right wrist,English,RW_ACTUALS_English.csv,Process Safety
"A mechanical fitter working for Siemens on the Steam Turbine suffered a cut to his right index finger that required First Aid treatment.
The IP stated that when running his hand down a handrail he caught his finger on a saf clamp attached to the hand rail. Under the clamp was a piece of steel shimming which cut his finger. Gloves where not been worn as the IP had removed them to carry out a measuring task.",Safety,First Aid incident - cut to finger on ST from shim steel in pipe clamp,English,RW_ACTUALS_English.csv,Process Safety
Contract welder suffered minor burn to left hand little finger during welding operation.,Safety,Minor burn to finger,English,RW_ACTUALS_English.csv,Process Safety
"Siemens operative working on the U41 transformer plinth.  He was working in a knelt position, shuffled backwards, boot slipped off edge of plinth and the operatives came into contact with the edge of the concrete plinth and sustained a graze to the lower right shin. The wound was cleaned and dressed by an onsite first aider.  The operative returned to work shortly after.",Safety,Graze sustained after slip,English,RW_ACTUALS_English.csv,Process Safety
"IP working in machine shop turning coupling bolts on lathe. IP had measured bolt diameter with gloves off and proceeded to take cut whilst removing swarf ribbon to prevent damage to surface finish. In doing so IP cut left hand, middle finger. Report to follow.",Safety,Finger cut,English,RW_ACTUALS_English.csv,Process Safety
"IP was walking in-between two contractors welfare cabins, when he tripped over a cable, his hand came into contact with a glass window which smashed causing the injury to his hand.",Safety,Cut to hand,English,RW_ACTUALS_English.csv,Process Safety
While carrying out internal repairs to U4 inlet bridge duct IP cut his finger on a piece of metal. The individual was wearing all of the correct PPE while carrying out the repair but as he was brushing the dust from the area a piece of metal cut through his glove and cut his finger.  First aid was administered at site and employee returned to work the next day.,Safety,Cut finger while repairing inlet bridge duct,English,RW_ACTUALS_English.csv,Process Safety
"Whilst rigging the crane fly jib the wire rope deflected off a fly jib cleat, this struck the IP above his left eye knocking off his safety glasses causing a small cut and slight swelling to his eyebrow and an abrasion to his cheek.",Safety,Operative caught in face whilst trying to thread a steel rope around a crane fly jib pully,English,RW_ACTUALS_English.csv,Process Safety
Injury to individual during maintenance on standby feedpump.,Safety,Injury to finger during pump maintenance,English,RW_ACTUALS_English.csv,Non-Process Safety
Individual found on floor on ground level adjacent to number 4 goods lift.,Safety,Individual fell on level ground.,English,RW_ACTUALS_English.csv,Process Safety
"The lubrication technician was accessing the recycle pump and as he stepped on to the plinth, he slipped, his arm caught the top hand rail which stopped him falling.",Safety,Slip on FGD Unit 3A Recycle pump plinth,English,RW_ACTUALS_English.csv,Non-Process Safety
"CCR was contacted and a first aider was requested to attend the gate house.  Security guard had bent down to pick up soap in toilet and caught his head on a redundant sink bracket causing a 1 cm gash on top of head, Wound was cleaned up and bandage applied but bleeding continued.  Injured party was taken to A&E",Safety,Gatehouse first aid incident,English,RW_ACTUALS_English.csv,Process Safety
"Whilst replacing S4 sump pump in cable tunnels, IP grabbed pump at the lower end where the intake holes are located but when pump was lifted off the ground it spun due it being top heavy to the point where the IP's fingers were located resulting in the edge of the intake holes slicing through the glove and into the finger.",Safety,Cut to finger,English,RW_ACTUALS_English.csv,Process Safety
"Altrad grinder was carrying out NDT Prep to U71 cold re-heat Non-return valve - the operation was being carried out using a 5"" grinder with a rotary brush. During operations the hand caught a scaffold tube, the grinders hand/finger slipped and the finger made contact with the rotary wheel causing a cut to he's left index finger. First aid was given to IP within cabin - by Altrad first aider.",Safety,During grinding operations - finger came into contact with rotary brush on hand held portable grinder - causing cut.,English,RW_ACTUALS_English.csv,Process Safety
Graze to knee from trip inside U4 furnace 39' level,Safety,Graze to knee from trip inside U4 furnace,English,RW_ACTUALS_English.csv,Process Safety
"IP got a bad scratch approx. 10cm long to rear of right upper leg. IP was in 1C PA fan, stood on a scaffold board which had been incorrectly put in by another party (not by Access contractor) board slipped approx. 15-20cm to bottom of fan casing and IP. IP has his back to the fan casing as as he slid down right rear leg caught on protruding metal and to overall and caused scratch.",Safety,1C PA Fan - Bad scratch to right leg from being caught on protruding metal on casing,English,RW_ACTUALS_English.csv,Process Safety
"At 10:30 An excavator operator was making his way to his machine, he was struck on the left ear by a piece of concrete ejected from the hydro demolition enclosure 13-15m away which is at least 3m outside of the Hydro Dem 10m exclusion zone.  This caused a small cut to the cartilage on his ear.  This was treated with a plaster by the one of the construction site first aiders.  The Operator returned to work after the treatment",Safety,"First Aid treatment, Stuck by debris",English,RW_ACTUALS_English.csv,Process Safety
Contract glazier was hit by a glass panel that fell whilst dismantling glass partitioning as part of an office re-modelling,Safety,Falling Glass Panel While Re-modelling Office,English,RW_ACTUALS_English.csv,Process Safety
IP suffered injury to finger while working in a 2 person team removing fasteners.,Safety,Hand Injury – Left hand Index Finger,English,RW_ACTUALS_English.csv,Non-Process Safety
Incident occurred while team member was grit blasting,Safety,Grit Blasting Incident,English,RW_ACTUALS_English.csv,Process Safety
"External contractor carrying out inspection in the Tech Centre NDT lab - Injured person was moving large sample back onto storage shelves and trapped finger under sample upon final shuffling onto shelf. It should be noted that a loading trolley was being used to avoid manual handling issues. However, appropriate rigging gloves were not being used.",Safety,Trapped Finger - Resulting in Cut Finger,English,RW_ACTUALS_English.csv,Process Safety
Burn,Safety,Burn to hand,English,RW_ACTUALS_English.csv,Non-Process Safety
"IP was using a tool to slit the sellotape to open a cardboard packing box containing IT equipment. In doing so, the IP caught their finger on the edge of the cardboard flap and sustained a paper cut.",Safety,Paper Cut Whilst Opening cardboard Box,English,RW_ACTUALS_English.csv,Process Safety
IP cut left hand thumb whilst lifting driving simulator equipment through a door. IP caught thumb when putting the item down.,Safety,Cut Finger Whilst Moving Object,English,RW_ACTUALS_English.csv,Process Safety
"I/P was walking along the access road to the U4 H row roller shutter door entrance to assess the roller shutter door / dry storage area where SCR packs are due to be store and, in the process, rolled left ankle on an uneven road surface.",Safety,I/P Rolled ankle on uneven road surface walking towards U4 H Row roller shutter door to assess dry storage,English,RW_ACTUALS_English.csv,Non-Process Safety
"IP cut finger whilst sliding lagging knife into holding sleeve - gloves were being worn. Supervisor reported to medical team and MCR. Medical team cleaned and applied dressing - no further action was advised. IP returned to work following discussion with ERSHE, Fieldcore Safety advisor and Uniper Safety Advisor.",Safety,Hand Injury - Cut Finger on Lagging Knife,English,RW_ACTUALS_English.csv,Process Safety
"while drilling out a broken fastener, the drill bit failed and caused an injury to the hand of the team member.",Safety,Minor accident while using battery powered hand drill,English,RW_ACTUALS_English.csv,Non-Process Safety
Upon leaving the admin block 1st floor south fire exit the team member slipped on the stairs which were wet. The team member scraped his right shin as his foot slipped and his right leg went through the handrail. He also stubbed his finger as he grabbed the handrail.,Safety,Team member slipped on fire exit outside stairs,English,RW_ACTUALS_English.csv,Process Safety
FGD limestone mill building argon gas bottle hose in poor condition,Safety,Gas bottle hose in poor condition,English,RW_ACTUALS_English.csv,Process Safety
"During MIP completion on the, a bolt was found on the floor of compressor 10. Bolt was suspected to fall off from overhead pipework vibration damper support.",Safety,Bolts found on floor in Compressor 10 Enclosure,English,RW_ACTUALS_English.csv,Process Safety
"Needs a campaign approach to fix immediately and a review of the maintenance strategy to ensure this does not happen again.

We also need to understand why this issue was observed and being acted on via safety walks and setting to work",Safety,Far too many site lights are not working and have not been recorded as defects and/or not being progressed.,English,RW_ACTUALS_English.csv,Process Safety
while trying to shut the gates in front of the crane parked at the CW CDM area I noticed that the gate would not close upon further investigation I had noticed that the whole of the right hand side of the gate and support scaffold had been shunted and bent a scaffold tube,Asset and Reputation damage/loss,CW CDM vehicle gate scaffold moved or struck,English,RW_ACTUALS_English.csv,Non-Process Safety
Whilst completing noise survey it was identified that floor grating were not correctly secured with the grating clips as these were loose and in places corroded.,Safety,Unit 1 FGD Damper walkway level 1,English,RW_ACTUALS_English.csv,Process Safety
EC&I Contractors asked to be issued permit 2024/00482 to reconnect the cable to the wash water pump.  It was discovered that the permit had been previously cancelled following completion of the mechanical works and de-isolated. The motor cables were found to be disconnected and in a bag next to the pump.,Safety,MCW Drum Screen Wash Water Pump 1 de-isolated before being electrically connected,English,RW_ACTUALS_English.csv,Process Safety
Door broken to Chemical Store requires replacing.  Possibly caused by high winds and poor door condition,Safety,Door broken to Chemical Store,English,RW_ACTUALS_English.csv,Process Safety
Trip hazard on U1 turbine 39ft level where tiles have lifted and come loose.,Safety,Trip hazard on U1 Turbine 39ft level,English,RW_ACTUALS_English.csv,Process Safety
"While carrying out a lighting upgrade project on Unit 4 HRSG, extensive heat damage was found on the supply cables. Insulation has found to be cracked, breaking away and in some cases completed disintegrated (see attached photos). The worst effected area found so far is the 19 and 22m levels around the expansion joint, but heat damage appears to be visible throughout the installation.",Asset and Reputation damage/loss,Exposed conductors found in lighting circuit,English,RW_ACTUALS_English.csv,Process Safety
While cleaning the ladies toilet the telescopic pole that retains the shower curtain fell and hit the cleaning team member without causing harm (refer to statements taken),Safety,Shower Curtain rail fell in ladies toilet,English,RW_ACTUALS_English.csv,Process Safety
Whilst pressure testing the PGB-PCB cooler (design pressure 12 bar/ Operating pressure 3 bar) the contractor raised the pressure in steady steps. It was planned to raise to the design pressure but got to 8 bar and it was noted two leaks on the inlet pipe spool on the stub branches. The pressure was dissipated safely and the test stopped.,Process Safety,PCB water leak whilst pressure testing the PGB-PCB cooler.,English,RW_ACTUALS_English.csv,Process Safety
Mess left by working parties,Safety,Outage work areas not cleared of mess before return to service,English,RW_ACTUALS_English.csv,Non-Process Safety
Pipe has corroded through on the MCW Pump 2 Discharge pipework causing a substantial leak and flooding of the immediate area.,Process Safety,U8 MCW Discharge pipework failure,English,RW_ACTUALS_English.csv,Process Safety
At approx. 14:00 on 02/06/2021 the fuel gas metering system at the Enfield AGI stopped recording gas flow data. The failure was noticed by the onsite engineer at approx. 17:30. The failure means that no gas flow data was recorded or transmitted to the Control Room or NGC for either fiscal or UK-ETS purposes during this period. There was no automatic alarm raised to notify operators of the failure and prompt them to change over to the redundant stream.,Environment,Fuel Gas Fiscal metering system failure.,English,RW_ACTUALS_English.csv,Process Safety
"Shift technician reported helicopter taking of from behind 406, then hovering at very low altitude above the wellpad. Another contractor at 403 also reported similar behavior. Markings noted as GPGD on helicopter.",Process Safety,Helicopter hovering over wellheads,English,RW_ACTUALS_English.csv,Process Safety
Grinding discs being used by Altrad for underpinning of HRSG found several years past expiry date. Audit of stores found stock up to 5 years OOD.,Safety,Grinding discs expiry dates,English,RW_ACTUALS_English.csv,Process Safety
Manhole cover badly damaged and poorly fitted risk of failing if walked over. Area barriered,Safety,Fire hydrant point F14 (U2 FGD adj sw/rm),English,RW_ACTUALS_English.csv,Process Safety
"Entry to Deaerator on Unit 4. Selected Person Report (SPR) requires adequate ventilation (in place), re-check of atmosphere if the work may arise to a change (not applicable) and entrants to wear personal gas monitors (missing on this occasion). The vessel had been accessed previously on the day with monitors worn by all entrants with atmosphere confirmed ok. Further entry to vessel suspended until gas monitor had been collected and confirmed atmosphere was ok.",Safety,Adherence to SPR on entry to vessel,English,RW_ACTUALS_English.csv,Process Safety
"Individual smelt diesel fumes on Unit 3 SCR staircase coming from vac unit generators being used for dust removal.  Reported issue to Altrad.  When individual returned to area 5 days later the issue was still present.  Sought advice from Chemists.  Chemists undertook gas tests on all 4 units and found all units affected by diesel fumes exceeding 8 hr Workplace Exposure Limit up staircases and into separate work areas.  Diesel generators moved to another location, areas retested and found to be within limits.  However generators were moved to beneath the precip units, so Chemists tested above this area to check and sections of the the precips were now above the 8hr Workplace Exposure Limit.  This was reported to Uniper supervisors and Altrad in case of any working planned in area and offered to retest in specific areas of interest.",Safety,Emission of diesel fumes into work area and SCR escape staircases,English,RW_ACTUALS_English.csv,Process Safety
"Hot Reheater drain valve 933 drive shaft was found on the floor and appears to have broken away from it's position dropping some 10 feet to ground level.  The drive shaft is a substantial piece of steel, anyone underneath when the drive shaft fell could have been seriously injured.",Safety,PSNH - Unit 1 Hot Reheater drain valve 933,English,RW_ACTUALS_English.csv,Process Safety
"For CPU-1: 
-	At 16:15 Non urgent alarm appear in SCADA.
-	16:15 Furnace PLC was checked for alarm details and it is showing LAL-1711 (13 %) and continue going down trend.
-	At that time Naphtha flow to the furnace is 1.2 TPH and Naphtha Pump (P-004) discharge to KOD is 1.9 TPH (KOD  level control XV open and close function is ok throughout shift).
-	From 16:19 to 16:21. KOD level continued decreasing so Field Operator informed to increase flow to KOD to prevent furnace Naphtha pump tripping on low level (LL-1711).
-	16:21 Low Low Level alarm (LALL -1711) appeared  in PLC and furnace Naphtha pump got tripped on Low Level (LL).  Furnace didnt  trip and continued firing  with 250Kg/hr flow rate under pressure.
-	Furnace temperature started to decreases so unit  was kept on long circulation at 16:30 and later kept on short circulation.
-	Field Operator checked Naphtha Knock Out Drum (KOD) physically and found KOD has started to over fill.",Process Safety,CPU-1 Level Measurement Failure on Furnace Naphtha vessel,English,RW_ACTUALS_English.csv,Process Safety
GE operative observed on GT casing without being clipped on. Lapse in concentration. Slope of GT and height restrict likely injury to MTC.,Safety,Contractor observed working at height with fall arrest unattached.,English,RW_ACTUALS_English.csv,Process Safety
Z-Tech work area in Unit 7 HRSG ground floor was found to be untidy and waste materials left overnight including fluorescent tubes. Work area had not been demarcated and was open to other working parties.,Safety,Poor housekeeping and non conformance with waste management,English,RW_ACTUALS_English.csv,Process Safety
"Metal skip in poor condition, rusty and holes in areas. Several of the welds appeared to be close to failure. The contents of the skip were numerous heavy bolts that could, if the skip were to fail cause serious injury. Large amount of stored energy.",Safety,Metal skip in dangerous condition,English,RW_ACTUALS_English.csv,Process Safety
"Following renovations to the Brunel room, the leads to the Television for the purposes of presentation were just laid on the floor with a sizeable gap between new desks and TV causing a potential trip hazard for the presenter when moving around the room",Safety,Trip Hazard within Brunel room,English,RW_ACTUALS_English.csv,Process Safety
"Recently at Ratcliffe we've taken delivery of 600 new HID access control cards.  As of last month our previously issued E.On access control cards ran out and we started issuing from the new batch.

After a few days a couple of users informed us that when setting up SecurePrint on their new cards, when scanning in on the printers instead of taking them through the registration process it logged them in as another user.

We believe that this is due to the stored numbers on the two active people's different cards being the same, and/or SecurePrint not using the site code portion of the access control cards.

This is a data protection risk as there is a chance that these users with duplicate card numbers could print sensitieve personal data off the SecurePrint queue from that account that they are incorrectly logged into.

I've attached a flow diagram to explain the problem.

Fundamentally we believe that the fragmented way that Access Control cards are issued across the company and having a company wide access control card swipe system for the printers is why the risk of duplicate numbers on Access control cards is a data protection risk.

There is also a potential that these duplicate cards could allow someone access to another site that they are not authorised, but we don't believe this risk is high as the access control systems should use the site codes as well, but this will need investigating.",Information Security,Potential for Duplicate Swipe Card Numbers to be allocated with different Access Control Cards,English,RW_ACTUALS_English.csv,Process Safety
Assessment of pipe line integrity has deemed it at risk during unit transition - requires control measures to be implemented to protect persons.,Operational loss,PEM120 - Unit 3 intermittent blowdown line.,English,RW_ACTUALS_English.csv,Process Safety
During the shutdown on 03/07/22 the main generator circuit breaker failed to open automatically. The site power reading went down to approximately -12MW but the generator did not trip on reverse power.  The generator emergency trip button was pushed and the circuit breaker opened straight away.,Process Safety,Generator Circuit Breaker failed to open automatically on shutdown,English,RW_ACTUALS_English.csv,Process Safety
"During the weekly water flushing procedure in the First Aid Room, pressure caused a plastic TMV valve to rupture, leading to a significant leak from the fixed water tank.",Process Safety,"Plastic valve in the First Aid Room ruptured due to pressure, leading to a leak.",English,RW_ACTUALS_English.csv,Process Safety
Scraper collided with the outer housing on the small vehicle diesel pumphouse causing significant damage to the housing. Very minor damage sustained to the scraper.,Safety,Scraper Collision with Diesel Pumphouse,English,RW_ACTUALS_English.csv,Process Safety
"Planned replacement of Control room void CO2 bottles. Whilst connecting the activation solenoid the engineers noticed there was a slight leak, when trying to stop the leak the cylinders started to discharge. The control room was notified and sent to investigate they reported that CO2 was being vented.",Process Safety,"CO2 cylinder, uncontrolled discharge",English,RW_ACTUALS_English.csv,Process Safety
handrail joint / coupling loose allowing gap in handrail and possible fall hazard,Safety,handrail joint / coupling loose,English,RW_ACTUALS_English.csv,Process Safety
"Whilst a contract lagger was working on removing insulation from LBB-50-BQ010 pipe support on a scaffold platform the fixed station handrail above the scaffold became partially detached and hit a the lagger. The working party then reported to the Uniper Engineer, who enacted the golden hour. The handrail was immediately rectified and secured. No one was injured during this incident.",Asset and Reputation damage/loss,"Station handrail partially detached, swung and hit working party member",English,RW_ACTUALS_English.csv,Process Safety
At 09.28 hrs a GT Max 3 humming event took place due to a reduction in the gas supply pressure from  Cottam PRS . The Elster pressure reduction skid at the PRS was having it`s Duty and Standby stream changed over at the time of the event. The Standby Stream was been re-commissioned and been made the duty stream  after a recent overhaul.,Process Safety,CDC Gas Turbine Trip,English,RW_ACTUALS_English.csv,Process Safety
"Altrad contractor was polishing welds in Unit 6 without any safety document which was also the point of work for radiography.

The contractor was removed from the point of work and the Altrad supervisor was informed. (

More details in my statement.",Process Safety,An Altrad contractor was found working inside a barriered-off area for radiography.,English,RW_ACTUALS_English.csv,Process Safety
"Unit BOAI’d to service, there was no PN for the entire period….

Unit tripped shortly after start-up on 30th due to low HP feed flow. Feed reg bypass valve faulted. Fault rectified but not in time to save unit from protection trip.

Mel Redeclared to 0MWso @ 12:50hrs 
MEL Redeclared available (sloping MEL to reflect run up) from 14:00hrs 

HP Feed Reg Bypass valve faulted causing HP Feed low flow protection, operator managed to regain flow and re-set GT emergency shutdown, the situation repeated itself and the operator was unable to re-set the GT protection shutdown before unit de-synchronised. 

A GT Protection Shutdown is NOT a GT trip it’s a forced failsafe shutdown following a de-load ramp rate therefore no GT trip penalty and no purge required.",Process Safety,HP FEED REG BYPASS FAULT,English,RW_ACTUALS_English.csv,Process Safety
HCL fumes and leaks from HCL skid.,Process Safety,Water Treatment Plant HCL leak,English,RW_ACTUALS_English.csv,Process Safety
"U6 suffered a PLS due to an ISDH CV error and the Unit Operator was unable to acknowledge or reset any Alarms, PLS signals or access faceplates. Unit PLST.",Operational loss,Unable to operate U6 from any DCS Station - including the Engineering Station,English,RW_ACTUALS_English.csv,Process Safety
"No Production radio contact with a contract team when bringing a unit on, so that they can be notified to withdraw from the upper levels of the HRSG, in accordance with RA225.",Process Safety,Unable to contact working party via radio.,English,RW_ACTUALS_English.csv,Process Safety
While opening fire hydrant valve - bonnet detached from valve body leading to uncontrolled release of water. No injuries to persons involved.,Process Safety,Failure of fire hydrant valve during operation,English,RW_ACTUALS_English.csv,Process Safety
"On Friday 19th Jan at approx. 9:50am, the station air compressors were switched to allow maintenance on comp1 due to an oil leak. The system pressure went to approx. 6.5barg before system was returned to service.
Notification for oil leak 21507500",Operational loss,Potential of station trip due to low compressed air pressure during manual switchover of compressors,English,RW_ACTUALS_English.csv,Process Safety
As above contravenes sire fire management standards. Also creates QA (DUST) and housekeeping issues,Process Safety,Fire Management - Both Turbine Hall doors left open,English,RW_ACTUALS_English.csv,Process Safety
"Whilst walking across to the accademy from the Tech Centre, I slipped on some mud in a gutter that crosses the path near the Accademy. I did not fall. I noted other slip hazards on the route including a similar patch of mud close to the Tech Centre bridge, leaves, moss and lichen on this walkway (photos taken).",Safety,Slip on path,English,RW_ACTUALS_English.csv,Non-Process Safety
UTG competent person was issued with permit for internal inspection of blowdown and HP drains which did not include the work covered on the MOC they used at point of issue. Issue was picked up when GS-POWRA was being filled in and permit office notified immediately. Permit was surrendered and correct permit was issued. No work had started.,Safety,SSOW- Mismatch between issued permit and MOC,English,RW_ACTUALS_English.csv,Process Safety
"A glass panel in a full height equipment rack door shattered spontaneously without any obvious cause. The equipment rack which contained process network equipment had been installed around 2012, and was manufactured by Pentair-Schroff. The event was captured on CCTV.",Safety,Network cubicle glass door shattered,English,RW_ACTUALS_English.csv,Process Safety
Unit failed start at gas ignition stage - Due to a standing trip on IP bypass valve. HP bypass trip had been standing and did not get picked up on restart,Process Safety,CDC Failed start.,English,RW_ACTUALS_English.csv,Process Safety
"Following from catastrophic failure of CT type ABB IMB420 at another site, NGT have established a Risk Management Hazard Zone encompassing part of the Cottam NGT compound and surrounding areas. This limits access to the areas as per the attached documents",Process Safety,Risk Management Hazard zone established by NGT,English,RW_ACTUALS_English.csv,Process Safety
A scaffold on unit 4 cooling tower north side was blown over onto the cladding of the north radiator section in extreme wind conditions. Some scaffold components became detached and dropped into the north side road and stoned area. No external work was being undertaken or allowed on site due to high winds.,Safety,Scaffold blown over by high winds.,English,RW_ACTUALS_English.csv,Process Safety
"A Line Hydrogen supply regulator suspect output has drifted or is faulty, so when in service, the output of the regulator is increasing the low pressure side pipework to a level where the safety valves lifts. The LP side pipework has been noted well above 15 Bar which is the level the safety valve has be operating",Process Safety,PSO - Hydrogen System LP Safety Valve Operating Releasing Hydrogen Gas into the Atmosphere.,English,RW_ACTUALS_English.csv,Process Safety
"When carrying out training in areas of GT Air inlet filters we observed sections of cladding sheeting which had been stored in areas adjacent to  GT air inlet filters on various units. There are also doors which have come off cabinets, instrumentation for GT air inlet filter equipment. Please see attached document .",Safety,Damage possibly caused by high winds. Housekeeping.,English,RW_ACTUALS_English.csv,Process Safety
"1)	Farmer submits digging request to landowner 
2)	Landowner does not respond
3)	Farmer decides to dig anyway
4)	Our marker posts are in place and visible
5)	Works stopped by Uniper
6)	Area to be scanned properly and control measures put in place",Asset and Reputation damage/loss,Excavation above 33kV feeders,English,RW_ACTUALS_English.csv,Process Safety
A section of top guardrail had parted from the internal connector and two grating clips were found to be excessively loose during a plant area inspection at the CDC Pressure Reduction Station.,Asset and Reputation damage/loss,CDC PRS Loose Top Guardrail and Grating Clips,English,RW_ACTUALS_English.csv,Process Safety
"A clipboard fell from the 27m level of Unit 7 HRSG North Side, after the employee rested it on steel work. A gust of wind caused the clipboard to become unsteady and fall.",Safety,Falling object,English,RW_ACTUALS_English.csv,Process Safety
Cable pits were open for work. Were hard barriered off. Several of these barriers were removed by a contractor whilst the opening was still present.,Safety,Barriers removed from floor opening,English,RW_ACTUALS_English.csv,Process Safety
"Whilst putting the WTP I/S after the NACLO delivery this morning, UF B was backflushed and went into service with no issues. After allowing the Filtered water tank to fill, SWRO B was started, it flooded up, the feed pump started raising the pressure to 27 bar, the booster pump then went in service and pressure rose to 37 bar and just as we were going to go out the lab door into the WTP there was a bang and we saw water at pressure being omitted from the pipework. The process was shut down and we found that the permeate pipework bend had blown off and had landed by the toolbox by the switchroom door.",Process Safety,WTP SWRO B Permeate Pipework Failure,English,RW_ACTUALS_English.csv,Process Safety
"New ambient temperature instruments adjacent to the Alimak lifts at 38m level were recording 70decC between 08:00 and 22:00. Units 2, 3 and 4 running during this period. 
Pi tags are U1 - FSG001TT and U3 - FSG001TT",Process Safety,Excessive ambient temperatures in boiler house.,English,RW_ACTUALS_English.csv,Process Safety
"Break Glass Unit (Call Point) on 22M level Unit 2 HRSG Operated causing a zonal alarm.
Working parties Mustered and Area checked for signs of fire. Upon investigation it was found there was no fire and it appeared that the Glass on the Break Glass Unit had slipped. It was reseated and the Fire system reset.
The Muster point was then stood down",Operational loss,Break Glass Unit (Call Point) on 22M level Unit 2 HRSG,English,RW_ACTUALS_English.csv,Process Safety
Following the uncontrolled fire at Killingholme power station. The Environment Agency was not informed. Site procedures was not clear the requirement,Asset and Reputation damage/loss,Environmental agency not correctly informed of GT 12 fire at Killingholme power station.,English,RW_ACTUALS_English.csv,Process Safety
it was noticed that the u6 fuel gas heater water supply pipe had moved to such an extent that it had come off all its hangers and damaged brickwork where it passed through a wall. pipework left unsupported.,Process Safety,"Movement of fuel gas pre heater water pipework, pipe fallen from hangers and damaged wall. pipe requires relocating and supporting",English,RW_ACTUALS_English.csv,Process Safety
"The NTS Civils representative who inspects, and signs off, on the trench wall integrity arrived at site late for the start of the shift. After interaction with Rayden Civils personnel, he appeared to not be in his normal state of cognitive function. After challenge by the Rayden's personnel the NTS subcontractor left site before further action could be taken.

This was reported to, however not witnessed by Uniper.",Safety,Raydens subcontractor - impaired function,English,RW_ACTUALS_English.csv,Process Safety
"Recent heavy rainfall exacerbated an existing roof vulnerability, allowing water to penetrate into the production office. This moisture accumulation weakened the structural integrity of the ceiling tiles. As a result, one of the tiles, overwhelmed by the weight of the trapped water, collapsed.",Process Safety,Production Office Ceiling Tile Collapse,English,RW_ACTUALS_English.csv,Process Safety
"A site services operative was cleaning dust around Unit 2 CO2 skid when he noticed a number of bolts around one of the flanges was loose. A Uniper engineer investigated and tightened bolts, but upon returning to the flange to take additional photos, one of the nuts was still loose.",Process Safety,Loose bolts on CO2 system flange.,English,RW_ACTUALS_English.csv,Process Safety
Several gulls believed to have nested in cable trays. Similar incidents reported by Costain at Purge Dosing Building and road next to AGI.,,Attack by aggressive seagull - Unit 1 Cooling Tower roof. Cell B5.,English,RW_ACTUALS_English.csv,Process Safety
Stanley Knives found on scaffold used to fit fire sheeting.,Safety,Stanley Knives found on scaffold used to fit fire sheeting.,English,RW_ACTUALS_English.csv,Process Safety
The HP intermittent blowdown v/v (11HAD50AA218) has a cracked body. This valve has been put onto a holding document at Engineerings request to prevent it rupturing in service.,Safety,HP Intermittent blowdown v/v 11HAD50AA218 cracked outlet weld,English,RW_ACTUALS_English.csv,Process Safety
"While completing defect rectification of the amplifier unit in the fuel gas skid, it was identified that the relay logic trip test on the fuel gas heater was last completed in 2019.",Process Safety,Missed Relay Logic Test on Fuel Gas heater,English,RW_ACTUALS_English.csv,Process Safety
Unit 3 B side there is a lot of equipment restricting operational access to plant and equipment.,Safety,Operational access restricted,English,RW_ACTUALS_English.csv,Non-Process Safety
The entrance gate to U4 transformer 4X is not locked correctly due to inoperable lock.,Safety,U4 Transformer 4X lock on entrance gate is inoperable.,English,RW_ACTUALS_English.csv,Process Safety
During the isolation of the AGI UPS electrical supplies the labelling and descriptions inside the electrical panels were found to be poor. Only 3 of the 4 UPS supplies were labelled correctly and other breakers had vague descriptions. Full fixed wiring survey required.,Process Safety,Poor identification of electrical supplies at Epping Green AGI,English,RW_ACTUALS_English.csv,Process Safety
Contractor found standing on brand newly installed cladding on the 0m floor northside of the HRSG - The pipe they stood on was the IP loop.,Safety,EC&I Contractor standing on newly installed cladding to carry out cable tray works - no ladder or suitable access,English,RW_ACTUALS_English.csv,Process Safety
During adding a new user to the swipe card system an error occurred resulting in other users' swipe cards becoming unrecognised by the system.,Safety,Error during update to access control system,English,RW_ACTUALS_English.csv,Process Safety
Insulation found on floor next to National Grid Switchyard Compound. On inspection a large section of insulation was loose but still attached to upper half of tank.,Safety,PEM120 - A Site Fuel Oil Tank Insulation detached during high winds,English,RW_ACTUALS_English.csv,Process Safety
The regulator linked to the actuator that required removal still had air pressure due to the isolation of the incorrect air valve.,Process Safety,U6 Incorrect isolation applied. ADV Pit valve,English,RW_ACTUALS_English.csv,Process Safety
"Routine preventative maintenance on Motor Control Centers in the Holford LV Switch Room caused an unexpected coms error in the installation's Safety Instrumented System (SIS).  Upon detection of the coms error (and in line with its design), the SIS automatically activated a controlled de-pressurization of the Gas Processing Plant through the site vent stack.  Following identification of the cause of the coms error, the de-pressurization process was aborted within approximately five minutes. The vent stack is designed and located to ensure the safety of all personnel during venting.",Process Safety,Activation of GPP EDP system,English,RW_ACTUALS_English.csv,Process Safety
"A swarm of bees has been spotted attached to the stores south east corner windows..
Barriers erected around area and stores staff informed as this is within 15 metres of the good inwards doors.
Business support have contacted local Bee Keepers.",Safety,Bee swarm on Stores Building,English,RW_ACTUALS_English.csv,Process Safety
CDC Repower project - Without collecting required Safety document the Contractor commenced  excavation works to expose newly installed cable duct to allow new cables to be installed.,Process Safety,Working without Safety Document,English,RW_ACTUALS_English.csv,Process Safety
Following a meeting to discuss possible outage options a firm decision was made and external parties were informed prior to a REMIT submission being made.,Information Security,Internal REMIT breech,English,RW_ACTUALS_English.csv,Non-Process Safety
High winds caused various panels around site to come loose,Safety,High wind - damage to buildings,English,RW_ACTUALS_English.csv,Process Safety
A confrontation happened on site between a site contractor and their sub contractor,Safety,Confrontation between contractor and sub contractor,English,RW_ACTUALS_English.csv,Process Safety
On call engineer received a call from CDC Operations that the Cottam PRS ESD system had activated and closed all the site ESD valves and shutdown the Boiler House,Process Safety,Cottam PRS ESD Spurious |Trip,English,RW_ACTUALS_English.csv,Process Safety
Dust layer on pedestrian walkway by Silo building- potential slip hazard when wet.,Safety,Dust Layer on Pedestrian Walkway,English,RW_ACTUALS_English.csv,Process Safety
FLT caught 110v cable whilst removing pallet from base of FGD booster fan.,Safety,Damage to 110v Cable,English,RW_ACTUALS_English.csv,Non-Process Safety
It is unknown if the excitation equipment can withstand the possible maximum fault current.,Safety,Arc Flash/Fault current risk for excitation equipment,English,RW_ACTUALS_English.csv,Process Safety
It was identified that the South access platform was loose.,Safety,Unit 1 Brush-gear access platform loose,English,RW_ACTUALS_English.csv,Non-Process Safety
"Station Aux Transformer 2 Incomer was closed from the DCS with local mode still selected at the breaker. This should not have operated and is a danger to anyone locally operating or attempting to rack the breaker out with remote operation still active.
Following a trip on Station service board feeder 2 3.3Kv breaker, the Station Aux Transformer incomer 3.3kV breaker was opened to deaden the board while the tripped breaker was investigated/made safe. On entering the switch house the Station Aux Transformer incomer 3.3kV breaker was placed in local control to prevent livening the board whilst personnel were present in the switch room.
Once the tripped breaker had been removed from its cubicle and it was safe to re-energise the board, the remaining personnel left the switch room and Station Aux Transformer 2 Incomer 3.3Kv breaker was closed remotely; after confirmation the breaker was closed, personnel re-entered the switch room to ensure that the breaker and board looked healthy. It was then discovered that the breaker was still in local operation mode. The breaker was placed back into remote operation and the 415v boards normalised.",Process Safety,"STATION AUX TRANSFORMER  2 INCOMER
 3.3kV CB Closed in Remote when in Local.",English,RW_ACTUALS_English.csv,Process Safety
"Correx matting used to protect from falling objects was installed prior to the unit being isolated for outage. The matting consequently burned. Pre-outage scaffolding standards prohibit the use of plastic materials prior to outage start, but this may only apply to the HRSG - this incident happened on the GT exhaust duct.",Asset and Reputation damage/loss,Fall prevention matting melted.,English,RW_ACTUALS_English.csv,Process Safety
2E mill was attempted to be put in service to release another mill group for planned maintenance. The Unit Operator was unable to start the PA fan and believed the problem was due to the lub oil pump failing to start. On further investigation it was observed that the lub oil pressure was good and the PA fan was found to be in service with the mechanical oil pump  providing pressure. However there was no indication of the PA fan running on the unit desk and the associated permissives of the burner front CIVs and the mill dynamic classifier were not satisfied. The VCB would not trip from the unit desk and was eventually taken out of service via the local emergency stop push button.,Process Safety,PSO - U2 E PA Fan 3.3kv VCB and associated boiler interlocking,English,RW_ACTUALS_English.csv,Process Safety
"Unit 8 PLST from full load due to EV Pulsation issue. HP BYpass appeared to get stuck at 15%, this caused the HP steam pressure to go high and lift the HP Safety valves.
When the HP BYpass did eventually open it opened fully and this caused CRH safety valve to lift.",Process Safety,Safety valve lift,English,RW_ACTUALS_English.csv,Process Safety
"Unit 8 Turbine Hall Door 1, 81-UMC-10-AB100, safety brake has failed, noted by grinding noise when operated",Process Safety,Unit 8 Turbine Hall Roller Door 1 safety brake failure,English,RW_ACTUALS_English.csv,Process Safety
"Having just completed forklift refresher training in the Goole stores, during the pre-use checks it was identified that one of the forks is bent, the parking brake requires re-tensioning and the rear offside tyre has cracking with a chunk taken out of it. I do not believe the vehicle in its current condition to be dangerous but the sufficient number of items is concerning and would in my opinion prompt further investigation and maintenance.",Safety,Forklift preuse checks,English,RW_ACTUALS_English.csv,Process Safety
Unit 4 CW pump 010 Mechanical seal tank control  panel has severely corroded exposing low voltage connections.,Safety,Safety Environment Awareness card - Control panel corroded and revealing live contacts,English,RW_ACTUALS_English.csv,Process Safety
"High Priority IT Incident: INC0945871: LAN/WAN : Network down Grain Power Station (UK)

Total network outage at Grain Power Station

LAN / WAN

The whole Grain Power Station is completely Off the Network; no telephones, no Internet, No Uniper network.",Process Safety,IT Network and telephone connection loss over a weekend (and extended into the working week),English,RW_ACTUALS_English.csv,Process Safety
"During a run up to FSNL. 
21:22 Bearing 2 vib > max 1 alarm. DCS showed 20mm/s but this is the max of its range. GE suggested the GT should have tripped automatically but it didn't. 
21:23 GT reached FSNL and vibration has dropped

The reason for the GT not tripping on high vibration was investigated. The Bentley Nevada set points were checked and the trip levels are set at 14.7 when the GT trip matrix says they should be 11.8. With the 1.5x mulitplier on start up the 14.7 became 22.05 which was above the range of the instrument (20mm/s) so the GT did not trip. Once at FSNL the multipliers are not in effect so the trip limit was back to 14.7. 

Further investigation required.",Process Safety,GT vibration trip setting,English,RW_ACTUALS_English.csv,Process Safety
The workshop roof panels directly above the emergency garage are loose and being lifted by the wind.,Safety,Workshop Roof Panels loose,English,RW_ACTUALS_English.csv,Non-Process Safety
"U6 Unit Lab Cooler side, HP Steam saturated inlet valve leaking steam in vast amounts.  Spotted when carrying out the unit lab gp3 filter clean routine.  No steam observed when initially gone to slightly crack the valve (cautiously carried out as routine for complete unit filter cleans is quarterly on sap pm and previously had defected the valve two previous occasions).",Process Safety,"U6 Unit Lab, Cooler side, HP Steam saturated inlet valve leaking steam.",English,RW_ACTUALS_English.csv,Process Safety
U1 B SSFP leak off valve failed to close - this limited the output of  the unit and stations commercial position.,Process Safety,Op loss - U1 B SSFP leak off valve failed to close.,English,RW_ACTUALS_English.csv,Process Safety
"A  section of pipework was to be hoisted to the upper levels of the HRSG, as the pipe was first hoisted to check the integrity of the lift and the load the designed lifting scaffolding flexed slightly.",Safety,Design scaffold for lifting purposes slightly flexing when under load.,English,RW_ACTUALS_English.csv,Process Safety
Whilst carrying out the installation of the replacement SEV Main Shut Off Valve for U8 - A visual inspection was carried out of the internal bore of the pipework prior to the installation of the valve. It was noted on the upstream pipework there was a grinding disc lodged within the pipework.,Process Safety,U8 GT FG SEV MAIN SHUT OFF VLV ACT,English,RW_ACTUALS_English.csv,Process Safety
"Oil leak causing a potential slipping hazard, leak need to be repaired",Safety,FGD Milll Building,English,RW_ACTUALS_English.csv,Process Safety
"While carrying out excavation work to find a 6.6kV cable fault for repair, work was stopped when it was found that cables have been laid directly in concrete.  Cables roughly  500mm below ground level and concrete appears to have been poured on to the cables at the end of cable trench before the cables drop below a roadway. No safe way to continue as there were multiple cables in this trench which presumably have all be covered by concrete.",Safety,Cables laid in concrete,English,RW_ACTUALS_English.csv,Process Safety
An IBC arrived on site of a significantly different spec than that required for our dosing system. This was as a consequence of a regulation impacting the supply of ammonia. No forewarning from supplier.,Process Safety,Ammonia IBC of incorrect spec delivered to site.,English,RW_ACTUALS_English.csv,Process Safety
Area is restricted from general access and thoroughfare as process involves the use of hazardous chemicals. Functioning access doors forms part of control of access.,Safety,Access door to WTP would not fully close (SEAC).,English,RW_ACTUALS_English.csv,Process Safety
"Filtrate pit is ID'd in various places (SAP, Ovation, and plant labels) as G2416. However, correct label should be G2418. Historic discrepancy (20+ years old).",Safety,Discrepancy between WW Area Sump and Filtrate Drain Pit Plant ID's,English,RW_ACTUALS_English.csv,Process Safety
U7's Safety valves lifted to relieve build up of excess steam pressure due to vacuum trip on ST followed by ST Bypass trip. Ref A1 report 41001827,Process Safety,U7 HRSG safety valve lift following unit trip,English,RW_ACTUALS_English.csv,Process Safety
"A QAZ stocking vehicle was tipping off PFA in the pond fines shed. During part of the tipping operation, the vehicle body detached from the lifting ram, leaving the body in a vertical position and unable to be lowered. The cab and vehicle remained upright and stable.",Safety,Body of stocking vehicle detached from lifting ram,English,RW_ACTUALS_English.csv,Non-Process Safety
Whilst reviewing the P&ID's & electrical drawings for the analysis system it was noted that there are connections for a Hydrogen analyser. However there is no hydrogen analyser on site. From looking at the trends on the DCS it last posted data in August 2016.,Asset and Reputation damage/loss,Hydrogen Analyser missing,English,RW_ACTUALS_English.csv,Process Safety
1. Pump A discharge flange GRP pipework joint split and 2. Pump B Mechanical Seal failed leading to leakage.,Process Safety,Operational Loss - Limestone Slurry Distribution Pumps A & B,English,RW_ACTUALS_English.csv,Process Safety
Two sheets of boilerhouse cladding found on Unit 4 boilerhouse/drum refuge area gantry on DA roof.,Safety,Boilerhouse cladding wind damaged,English,RW_ACTUALS_English.csv,Process Safety
FGD ESD trip received and plant shut down - Re-gen heater speed switch source of ESD (2002 highlighted on ESD information page)  - heater confirmed as rotating,Operational loss,"Ops Loss - FGD tripped whilst going into service, Re-gen Heater speed switch caused ESD to operate",English,RW_ACTUALS_English.csv,Process Safety
Fire panel was set off for routine testing @ 11:00 am but alarm did not activate until 11:05am.,Safety,Fire panel evacuation delayed.,English,RW_ACTUALS_English.csv,Process Safety
"3/8"""" 1/4 turn ball valve found installed directly below air receiver pressure relief valve on Connah's Quay U3 Generator Circuit Breaker air receiver.  The ball value appears to be a recent addition and is not part of the original Generator Circuit breaker installation.  The ball valve was found in the open position but with nothing to stop it being closed at any time using simple hand tools resulting in no over-pressurisation protection for the air receiver.  A temporary CHECK LOCATION tag is attached to the safety valve (See photos). however this is left over from previous work planned but never completed in 2019 and can be ignored for the purposes of this report.",Process Safety,CQ U3 Generator Circuit Breaker air receiver safety valve problem,English,RW_ACTUALS_English.csv,Process Safety
Oil vacuum places on wooden pallet instead of purpose built bunds 20ft away,Safety,Oil Leak from un-bunded portable equipment,English,RW_ACTUALS_English.csv,Process Safety
"CP come to the SAP hatch to disuses there transfer of nominated supervisor with the SAP. The SAP noticed that the CP wasn't signed on to the document in question.  2022/00210 (U7 Stack dismantle)  Looking into this closer, there has been no competent person signed onto the document since 17/05/22 but work has been ongoing on a regular basis.",Safety,"Failure of Competent Person responsibilities. (Although this incident is within the CDM Boundary and under control of UTG Projects, assigned to Grain Operations due to Safety Rules breach)",English,RW_ACTUALS_English.csv,Process Safety
"During routine inspection the GPP and admin building, some items in the first aid kits e.g. eye dressings, burn dressing and plaster etc.) were observed to be out of date.",Safety,Items in First Aid kit observed to be out of Date,English,RW_ACTUALS_English.csv,Process Safety
"Driver of Operations FGD pick up vehicle, was travelling from the FGD building to WTP, on route he turned right in the road to travel along the road running parallel with the Ammonia plant, where he drove into the Ammonia delivery barrier, causing very slight damage to the barrier & damage to the bonnet, drivers side front light & front panel.  
Due to a delivery of Ammonia being taken at this time the road barriers had been placed across the road to prevent vehicles & pedestrians traveling near the Ammonia plant.   The driver was aware of a Ammonia delivery being taken but seemingly forgot & drove into the barrier.  The vehicle was not traveling over the permitted speed limit, the conditions on the day where gloomy & getting dusk.  Thankfully the driver was not hurt, just a bit shaken up.  Seat belt was being worn.",Safety,Collision of Operations FGD pick up vehicle with ammonia delivery road barrier,English,RW_ACTUALS_English.csv,Process Safety
"During the Tech Centre HV Maintenance a number of age / condition related hazards were identified on the HV electrical equipment that have the potential to cause harm / business interruption:

1. Partial discharge (PD) activity was identified on the PTB transformer circuit cable termination at the 11kV Scientific & Tech Centre Switchboard.

2. Fixed earth contact on one phase sheared during maintenance operation of the Winking Hill 11kV Circuit Earth Switch at the 11kV Scientific & Tech Centre Switchboard.

3. PTA Transformer Buchholz gas detection relay did not operate when initially tested.",Asset and Reputation damage/loss,Tech Centre HV Maintenance Findings (May 24),English,RW_ACTUALS_English.csv,Process Safety
"Welder, potential twisted ankle left foot while dismounting scaffold in the GT Exhaust.
15/07 Welder returned to normal duties with no lasting effect.",Safety,"Welder, potential twisted ankle left foot while dismounting scaffold in the GT Exhaust",English,RW_ACTUALS_English.csv,Process Safety
Concrete spalling observed on walkway alongside gypsum export conveyor (M2512). Area barriered off and conveyor taken o/o/s until inspection can be carried out by UTG. Appears to be due to rainwater ingress from above causing the rebar to corrode and expand. Damage looks to be localised.,Safety,Concrete Spalling above Gypsum Export Conveyor (M2512),English,RW_ACTUALS_English.csv,Process Safety
"During outage opportunities should be taken to improve areas of plant that are usually inaccessible. This can include cleaning, painting and general maintenance of buildings. Previous outage and the current outage have not planned to do any of this opportunity cleaning and maintenance.
It has also been observed that general site standards have dropped with regards to cleaning, painting and maintenance of the buildings.",Safety,Poor Housekeeping Standards on Outage Works and Across Site,English,RW_ACTUALS_English.csv,Non-Process Safety
When performing work on pump adjacent to the motor in question a part of the cowling broke off due to heavy corrosion which left potential risk for snagging from exposed shaft and risk of more cowling to break off and be thrown by fan.,Process Safety,Damage to motor cowling.,English,RW_ACTUALS_English.csv,Process Safety
"External pipework steam leak identified by engineer during ad hoc plant walkdown. Location below the 39ft level A side. Leak appears to be on a vertical section of pipework (likely section 2 sootblower drains) as it connects into the common sootblower drain manifold. Pipe size ~3/4"""" or 1"""". Sootblower system supply pressure up to 44bar. Additional adjacent leak identified upon subsequent inspection.",Process Safety,PSO - Unit 2 A side sootblower drain steam leak,English,RW_ACTUALS_English.csv,Process Safety
"Ratcliffe Unit 2 & 3 MEL'd to 0Mw as the Ammonia plant 'A' Offloading skid required isolating & purging, this procedure carried the risk of tripping the NH3 plant & therefore the unit were MEL'd to zero for 4 hrs to ensure no units running during the purge time.",Process Safety,Ratcliffe Unit 2 & 3 MEL'd to 0Mw for the purging of the Ammonia plant 'A' Offloading skid. Availability loss,English,RW_ACTUALS_English.csv,Process Safety
Uniper owned gulper was working down the Ashfields when the driver hit a pothole causing damage to the front bumper and cracking the windscreen. See attached photos.,Asset and Reputation damage/loss,Vehicle incident down the Ashfields,English,RW_ACTUALS_English.csv,Process Safety
Some rollers would be running in coal if conveyor was used - observation only,Operational loss,Ops Loss - Build up of coal on 2B Coal Conveyor,English,RW_ACTUALS_English.csv,Process Safety
"While filling the NS section of a GSAF for PES, noticed that some other GSAF's have a second, blank form attached with the CP signatures in part 2 apparently extending the maintaining conditions section beyond 7 days.",Safety,GSAF extending over 7 days without new setting to work (apparently).,English,RW_ACTUALS_English.csv,Process Safety
"Whilst surveying the Pond Fines, a pile of tramp material was found on the pond fines stock. The material consisted of oversize coal and concrete, and was confirmed to be rejects from the coal Trash Screen which had been added to the pond fines stock.",Operational loss,PSO - Trash Screen rejects found on pond fines stock,English,RW_ACTUALS_English.csv,Process Safety
2nd occasion where a beer can has been found in the smoking area this month.,Safety,Beer can in Smoking area.,English,RW_ACTUALS_English.csv,Non-Process Safety
"Sampled pipework has been covered insufficiently following survey on Unit 1, level 5 A side.",Safety,"Sampled pipework has been covered insufficiently following survey on Unit 1, level 5 A side.",English,RW_ACTUALS_English.csv,Process Safety
"Whilst carrying out outside duties checks, it was observed that unit 1 SFC Transformer water isolation deluge valve 01JPTHV051 was locked in the closed position with a critical plant lock. No known reason why this water valve was closed as open is its normal operating position, valve opened and re-locked",Asset and Reputation damage/loss,Fire valve locked in incorrect position,English,RW_ACTUALS_English.csv,Process Safety
"Flammable and Non-flammable gas bottle storage cages observed slightly opened and unlocked. Although the gas bottles were chained as required, the doors needed to be kept shut and locked.",Process Safety,Unsecured gas bottles storage cages,English,RW_ACTUALS_English.csv,Process Safety
"Grating is not secured outside South West side door of the Generator Enclosure. The grating is immediately by the door on the steam bypasses side.

As you step out of the generator enclosure, you can hear the grating rattling because it is not held in position.",Process Safety,Generator Enclosure Grating,English,RW_ACTUALS_English.csv,Process Safety
U71 27M Level HRSG - Boiler shut of valve work area - working party had been set to work with poorly maintained equipment - cables damaged,Safety,After plant walk - 110V Leads//lights/equipment found in un-safe condition - live exposed conductor / Glands missing / PAT test out date,English,RW_ACTUALS_English.csv,Process Safety
"Following commissioning works on the Hydrogen Skid Deluge System, the air side pressure decayed overnight leading to water side system pressure loss via a drain and cut in of the Elec Fire Pump. This brought up a 'Commum Syst Alrm Pnl' alarm at 00:15 which should have been investigated by the Night Shift at CDC. At 05:59 a member of the Killingholme O&M Shift Team cleared the alarm after investigating the cause and stopping the Electric Fire Pump.",Process Safety,Elec Fire Pump Incident,English,RW_ACTUALS_English.csv,Process Safety
Damaged kerb on road 9 directly outside the gym entrance.,Safety,Damaged Kerb On Road 9 Directly Outside The Gym Entrance.,English,RW_ACTUALS_English.csv,Non-Process Safety
U1 upper precip floor plates heavily corroded.,Safety,U1 upper precip floor corroded,English,RW_ACTUALS_English.csv,Process Safety
The GT oil tanks are a safety critical role and access and egress are required during inspection and deliveries of oil.  The scaffold storage has encroached on the stair access and egress point.  Makes the area less than ideal for emergency situations.,Safety,Reduced access and egress to the GT oil tanks,English,RW_ACTUALS_English.csv,Process Safety
Two swipe card access doors in the main control block have stopped responding to the swipe cards and are not working and now need to be permanently wedged open which is a security risk. The two doors are the ground floor foyer door on road 3 and the door at the top of the stairs in the control room access corridor.,Safety,Swipe access inoperable to main control block doors,English,RW_ACTUALS_English.csv,Process Safety
Electrical cable being used in dust silo 1 and 2 was required to be tested in June 2018. The cable was plugged in at at the upper level adjacent to stair well.,Safety,Electrical cable expired test date,English,RW_ACTUALS_English.csv,Non-Process Safety
"A section of floor directly inside the IT Admin block ground floor west entrance double doors is sunken.  Believe this is due to rain ingress between the doors, and the interior chipboard floor getting wet.  No incident has occurred - this is an observation that the board could disintegrate and result in hole.  See attached photos.",Safety,Section of floor sunken in IT Admin ground floor,English,RW_ACTUALS_English.csv,Process Safety
"HP/HRH mainsteam attachments population on a 6,500 EOH inspection limit. This operating limit shall be exceeded prior to the planned outage date. A risk assessment for continued operation has been complete and accepted by the Competent Person.",Process Safety,GMI-PEM120 Barrier: Mainsteam Branches Integrity Risk,English,RW_ACTUALS_English.csv,Process Safety
Oil on walkway adjacent to coalescer.,Safety,Oil observed on walkway,English,RW_ACTUALS_English.csv,Process Safety
A pre outage audit of U1 110V supplies has found 2 broken plugs which were left in the socket leaving conductors live.,Safety,Damaged 110V plug leaving exposed live conductors.,English,RW_ACTUALS_English.csv,Process Safety
"Whilst carrying out an inspection and test of waste water level switches, during the lid removal, with the approved equipment, one half of the cast lid has twisted and detached from the frame and fallen into the sump pit.",Process Safety,WASTE WATER SUMP LID FELL INTO PUMP CHAMBER,English,RW_ACTUALS_English.csv,Process Safety
"Location = M25 J25 4 lane roundabout above M25 from Enfield.

Parked up on inside lane of roundabout with handbrake on waiting for lights to change.

Observed odd activity from girl in car behind during queuing for a while to get to my parked position.

Watched her in rear view mirror engaging with a passenger in the back seat of her car – she turned around throwing a coat or something, and, I can only assume, let her foot off the clutch and drove into the back of me, so no handbrake on.

She immediately held her hands to her face in shock.

I gestured to acknowledge I had felt it!

My back felt the impact in 3 places – coccyx area, below shoulder and neck – all is OK for now, but my coccyx does still feel like it has been impacted. I will monitor to see if it doesn’t resolve itself.",Asset and Reputation damage/loss,Minor RTA,English,RW_ACTUALS_English.csv,Process Safety
Restricted access and potential tripping hazard in front of eye wash station,Safety,Eye Wash Station in the Mill Building,English,RW_ACTUALS_English.csv,Process Safety
"It had been identified previously that the"" Kennedy style floor grating"" around the base of the generator step-up transformer of Unit 41, had loose and/or missing floor clips. Until the floor could be made safe, a permanent scaffold barrier complete with locked gate, warning and information signs, with erected, to deny all access. 

Whilst undertaking site duties, a scaffolding supervisor had noticed someone inside the barriered off area of Unit 41 transformer. The supervisor (who had constructed this barrier previously) asked the individual (a Siemens engineer) as to why he was inside the barriered area. He claimed to have permission from his employer and had been issued with a permit.  The supervisor challenged this, knowing that the area was out of bounds to everyone and the access gate was still locked. The supervisor told the engineer to vacate the area immediately, and after a bit of hesitance, the engineer climbed over the fixed barrier and exited the area.
The incident was immediately report to Uniper and Siemens management.",Process Safety,Unauthorised crossing of a fixed no entry barrier around Unit 41 transformer on Sync Comp Project.,English,RW_ACTUALS_English.csv,Process Safety
"An alarm was received on the centre desk DCS - """"92ACA10GS100  X190 CB WATCH FAULTY"""". investigations were carried out to determine what had caused this alarm. It transpires that this alarm has been crossed with the """"SF6 DENSITY FALLING"""" alarm.",Process Safety,HV Breaker alarms crossed to DCS,English,RW_ACTUALS_English.csv,Process Safety
"Following a unit trip it was noted that there was a lot of water going into the blowdown tank, whilst going to look at a different valve, water was seen issuing from the safety v/v flange spraying hot water everywhere. Please see defect 21489600 for video of leak.",Process Safety,U6 HP ECON FW I/L Safety V/V Leak,English,RW_ACTUALS_English.csv,Process Safety
"When completing an inspection on U3 ashing out activities, it was identified that the main spray within the ash box was defective and a hose was being used off the CW lines by spraying it through the inspection hatch. As this is a change in method it should have been assessed within the RAMS but had not.",Safety,Change of method for ashing out on Unit 3,English,RW_ACTUALS_English.csv,Process Safety
"Whilst loading scrap into waste skips the forklift truck (FLT) being used made contact with the frame of the skip. Minor damage was sustained to the FLT, but there was no injury to personnel. Work suspended for investigation and to allow repairs to be made to the FLT.",Safety,Minor damage to FLT following collision with skip,English,RW_ACTUALS_English.csv,Process Safety
"ST deload issue encontered during shutdown. ST shutdown not initiated and ST tripped at 85MW.

Suspect ST shut down not initiated due to GT IGV controller not activated in Unit Co-ord shutdown in step 52.

Believe this could of been due to to GT outlet thermocouples reading upto 200degC different temps.

GT alarms 10MBA26CT900 (TEMP TURB OUTLET) and 10MBA26EZ001 (OUT TEMP BURN MON)initiated and stood during the shutdown.

This is the second consecutive shutdown this issue has occurred.
Shutdowns previous to the 28th March have have only shown a difference in GT outlet thermocouple  temperatures of around 50degC.

Unit de-sync 13 minutes late at 09:43hrs.",Asset and Reputation damage/loss,Unit delayed shutdown,English,RW_ACTUALS_English.csv,Process Safety
Contactor failed to open on request,Process Safety,PSO - 4B SSFP Lub Oil Pump,English,RW_ACTUALS_English.csv,Process Safety
"During a routine walk round, it was observed that there was a significant amount of dust on the silo roofs. This could potentially result in dust blow in high winds.",Safety,Dust on Silo roofs,English,RW_ACTUALS_English.csv,Process Safety
"ip bypass pipework suspect valve passing, may cause integrity issues, pem 120 in place.",Process Safety,U7 IP BYPASS PIPEWORK,English,RW_ACTUALS_English.csv,Process Safety
"Whilst carrying out a walkround and venting of CCW system on U71 it was noticed that oil was spraying from a jacking oil pressure transmitter fitting on top of the LOil tank. A significant amount of oil has leaked onto the top of the tank. U7 is currently unmanned and several systems have been put back into service. It has also had the solenoid for the Lube Oil tank removed to service U81 and LO tank fire system is shut away ,offering no fire protection. Process safety for loss of containment of oil. No environmental hazard occured in this instance as leak was spotted and contained/stopped before any risk to environment occured.",Process Safety,significant oil spill,English,RW_ACTUALS_English.csv,Process Safety
"Emergency shut down push button panel check completed for WH1-1 (button UYC10ZH031).

This is supposed to trip Wing/Master at WH1.

WH1-2 (button UYC10ZH041) will trip Wing/Master/SSSV and the cascade to GMA and trip WH3-8.

However when the test occurred the incorrect effect happened. It caused the cascade to GMA.",Process Safety,Incorrect effects for Wellhead Pushbutton check,English,RW_ACTUALS_English.csv,Process Safety
"During fault finding on switchroom HVAC electrical supply panel, damage was identified on cables and associated fuse carrier",Process Safety,Damage to cable and fuse carrier,English,RW_ACTUALS_English.csv,Non-Process Safety
"A Craftsman reported to the issuing window of the Permit Office requesting an safety document. The issuing Senior Authorised Person was unable to find the persons name within the list of Competent Persons on Nisoft, so it was decided to investigate this matter before proceeding with the issue. 
It appears from an initial investigation that the person in question hadn't completed his training and was not authorised.",Safety,Issuing of a safety document,English,RW_ACTUALS_English.csv,Process Safety
"Third party working on one of a pair of lifts at Compton House.  It was very obvious they were working on one lift as they were in and out of the lift on Level 1.  When I went to Level 2, the only notification that they were working on the lift was the spanner symbol on the floor notification light.  I spoke to one of the lift maintenance people and asked if there was supposed to be a barrier around the lift door. (There is a retractable barrier attached to the lift.)  The maintenance person acknowledged that it was missing and pulled the barrier across.

I don't have sufficient lift knowledge to say whether there was a risk of anybody being able to call the lift from the second floor during maintenance operations, but my immediate concerns were 1. the door opening with no lift and someone falling into the lift shaft and 2. the lift being called whilst maintenance people were working and them getting injured.",Safety,Missing Lift Barrier - Compton House,English,RW_ACTUALS_English.csv,Process Safety
"Whilst disconnecting a portable desk fan from the mains electrical socket, the plastic holding the front and back sections of the plug sheared and the back of the plug came off. The fan was switched off at the time. No injury occurred.",Safety,Damaged Plug on Portable Fan,English,RW_ACTUALS_English.csv,Process Safety
High chlorides identified in gypsum import and export samples during routine samples.,Process Safety,PSO - High chlorides in gypsum,English,RW_ACTUALS_English.csv,Process Safety
"At about 0850hrs while driving the telehandler on Drakelow Lane  at about 16MPH on route to the well heads, the equipment's power suddenly cut out thereby bringing the equipment to a stop.",Safety,Sudden Mobile Equipment (Telehandler) Loss of Power,English,RW_ACTUALS_English.csv,Non-Process Safety
"While approaching the cooling tower to access main CW pumps I slipped, (but did not fall) on algae growth on the concrete access to the stairs. This slippery area is a step up  from the access path and could lead to a fall of approx 30cm. Water is pooling in the area from a leaking joint on the face of the cooling tower, (see attached picture).",Safety,Slipping hazard at the east end access to Unit 1 cooling tower.,English,RW_ACTUALS_English.csv,Process Safety
"Altrad work area - up on a elevated access platform - A lighting conduit across the access route - the conduit is suspended from stud bar supports, it hangs loose and can swing, the stress weld contractor reported seeing sparks from conduit, work area closed and reported to EC&I Team - conduit/cables isolated and made safe.  Altrad informed to revalidate GSAF / setting to work and ensure caution taken in regards to accessing area",Process Safety,Observed sparks coming from cable conduit - within Altrad work area,English,RW_ACTUALS_English.csv,Process Safety
"Sodium hypochlorite found in tank bund during routine plant check. Centre Desk & Chemistry team informed. Commenced transferring majority of bulk tank contents to the dosing tank (c.600ltrs). Chemists pumped bund out into a waste IBC. Found that bulk tank sight glass bottom connection had come adrift from the tank. Subsequently discovered waste IBC had a minor leak, so sourced another IBC to transfer contents out of original waste IBC.",Process Safety,PSO: WTP - Submerged Membrane Plant Bulk Sodium Hypochlorite Tank Leak.,English,RW_ACTUALS_English.csv,Process Safety
"Unit 1 MBFP leak off system inspections require insulation removal from one of two feed pipes.  Both pipes were sampled with the No.1 line result coming back as positive (No.2 line was negative), work was suspended pending the results.",Safety,Work suspended following positive ACM result,English,RW_ACTUALS_English.csv,Process Safety
"Safety Intervention - Baxter Storey employee walking across car park adjacent to EV Chargers looking down at his phone. I was arriving and connecting my vehicle to the EV charger, so I intervened to express concern on his activities. He responded positively and put his phone away.",Safety,Partner employee checking phone whilst walking into Tech Centre,English,RW_ACTUALS_English.csv,Process Safety
"An alarm was discovered on unit 6 DCS linked to the Tantronic gas detection system. We often receive a lot of nuisance annunciations of this particular alarm due to low sample flows. On this occasion it was investigated and the same alarm was showing that there was a fault on the system (sample pump failure). This meant that there was no EV or SEV combustion ring gas detection and the alarm received was the same priority 3 alarm that you would receive for a low sample flow on one sample point.
A failure of a part of the gas detection system should give a more significant alarm.",Process Safety,Wrongly prioritised alarm,English,RW_ACTUALS_English.csv,Process Safety
"Unit MEL / REMIT to 0MW from 22:18hrs 3/2/24 until 18/2/24 at 18:00hrs for HP OTC repair.
Very loud air leak / lagging blown out around OTC bottom access door.
Decision made to effect repair.",Process Safety,HP OTC bottom access door blow out,English,RW_ACTUALS_English.csv,Process Safety
Small diesel spill during diesel compressor refuelling,Process Safety,Small diesel spill on mobile compressor,English,RW_ACTUALS_English.csv,Process Safety
"Unit tripped off at full load at 19:33hrs due to GT combustion chamber acceleration Max 3. 15 seconds added to the timer now totalling 20.1secs.
Gas Turbine isolated in preparation for GT combustion chamber inspection on Monday.",Process Safety,Unit full load trip,English,RW_ACTUALS_English.csv,Process Safety
"While reviewing pipeline """"fly-by"""" images it has been determined that a land owner on a rural section of the pipeline has built a large barn in close proximity to the pipeline. An access road and what appears to be a parking area crosses the pipeline.",Safety,"New Aerial photographs have revealed that a land owner has built a barn in close proximity to the Enfield pipeline
Extended due to external investigation DWH/05/2024",English,RW_ACTUALS_English.csv,Process Safety
During a check of the GT enclosure it was noticed that the GT air and nitrogen purge valves appear to have the incorrect KKS labelling on them. See pictures attached.,Process Safety,Incorrect labelling on GT purge valves,English,RW_ACTUALS_English.csv,Process Safety
The station appointed Civil contractor used transformer road to access the area of their excavation.  They drove through the Synch Comp CDM area through a fence opened to allow plant to access and then out through the other side by the OCGT house and opened installed heras fencing without asking permission.,Process Safety,Unauthorised access to CDM area,English,RW_ACTUALS_English.csv,Process Safety
"During on-load commissioning of GT2 following minor maintenance, the gas turbine unit tripped due to high vibrations on the gas generator (engine). An inspection of the engine cell and PLC found no issues, further investigation is in progress.",Process Safety,Ops Loss - GT2 tripped due to high vibration,English,RW_ACTUALS_English.csv,Process Safety
I slipped backwards on black ice without falling over on a patch of frozen meltwater from the overhead walkway. Grit had been scattered but missed a section of pathway.,Safety,Black ice on pathway out side Rigbay doors under walkway towards the main reception.,English,RW_ACTUALS_English.csv,Non-Process Safety
Mechanical works carried out without the relevant permit being locked onto.,Safety,SSoW - Work carried out without locking on to permit,English,RW_ACTUALS_English.csv,Non-Process Safety
West end dust silo loud air leak from diverter valve control box.,Safety,Dust silo loud air leak,English,RW_ACTUALS_English.csv,Process Safety
"The outer door to the compressor transformer room was observed to be attached to the site's universal locking mechanism, hence possibly allowing allowing accidental/ unauthorized access to the enclosure.",Safety,Unrestricted Access to Compressor Transformer Outer Door,English,RW_ACTUALS_English.csv,Process Safety
"There have been multiple cases of low level hydrogen leaks detected on both SC10 and SC20 synchronous condensers during offline periods.

July 7th 2022

The synchronous condenser was shutdown due to the need for a Mod 2 400KV grid isolation for maintenance activities.

Whilst the SC20 Generator was at standstill a hydrogen leak alarm was received on the gas detector panel CYE01 in the Killingholme control room. Investigations at that time could not detect a genuine leak although the reading appeared to last for approximately 30 seconds and peaked at 20% LEL. This alarm was detected at both ends of the Generator on both HD005 and HD006. 

Later as the Hydrogen Purity Concentration procedure was being carried out these alarms were received again. This time a noticeable leak could be heard within the turbine hall also. These readings peaked at 40% LEL and the detection lasted for several minutes. 

To clarify the first alarm was received with the shaft at standstill and no work being carried out and the second alarm was received when the shaft was still at standstill but hydrogen filling was taking place.

A further leak alarm was detected when  SC20 was put on barring up to 200RPM using the oil system

Aug 21st 2022

Again a 400KV outage was required for maintenance activities on MOD1.

Again, Killingholme OPS took the opportunity to attempt to sweeten the generator hydrogen purity. There were similar leaks of hydrogen detected as there was on SC20 above but in slightly different.

* Whilst at standstill during the H2 sweetening process

* Whilst at standstill following completion of the sweetening process.

* Whilst on barring on the return to operation

19/12/2022

Leak alarms were once again raised when SC20 was stopped to carry out repairs on GT21 GCB.  Leaks stopped once the unit was put back on barring.",Process Safety,SC10/20 Generator Hydrogen Leak alarms.,English,RW_ACTUALS_English.csv,Process Safety
"For each centrifuge feed pump suction valve, there is a mismatch between valve plant label and the plant label found on the local isolator

Valve plant label states ""STREAM X CENTRIFUGE FEED PUMP SUCTION VALVE""
note: the plant label for the valve is stuck to the wall of tank rather than valve itself

Isolator plant label states ""T2101 GYPSUM SLURRY OUTLET ISOLATING VALVE""

This appears to be a historical issue and not associated with recent maint / labelling activity.",Safety,FGD Centrifuge feed pump suction valves - mismatch between plant ID's,English,RW_ACTUALS_English.csv,Process Safety
The labelling of fuses and MCBs inside the switchroom HVAC panel is very poor. See photo attached. There are white stickers and writing in black pen but it is not immediately obvious what is fed from where.,Process Safety,Poor labelling inside Main Switchroom HVAC panel,English,RW_ACTUALS_English.csv,Non-Process Safety
Plastic containers found in food waste receptacle.,Asset and Reputation damage/loss,Incorrect waste segregation at Compton House,English,RW_ACTUALS_English.csv,Process Safety
"It has come to the attention of GE that a potentially unsafe situation may occur due to an arc flash inside the MediumVoltage cubicle (MV-cubicle) / GNAC (Generator Neutral Accessory Compartment) / GLAC (Generator Line AccessoryCompartment) /
Generator Terminal Enclosures / Voltage Transformers.",Safety,"PEM120 in place
GE Safety Bulletin PSSB 20210415A-R1 Generator MV Cubicle Potential Arc Flash Safety Risk",English,RW_ACTUALS_English.csv,Process Safety
3rd party was observed installing fence posts near33KV feeders off-site.,Safety,Fence post installed close to 33kV feeder,English,RW_ACTUALS_English.csv,Non-Process Safety
"From Enerlytics alert dated 22/03/2023 @ 14:38
During routine OLVMS monitoring, UTG noticed higher than normal levels of vibration along the ST shaft line during the run up on 16th March. The highest levels were seen on the IP/LP Eccentricities where levels peaked at 290 um pk-pk with the unit at 842 rpm, during a normal run up a typical amplitude at this speed would be 25-50 um pk-pk. The change in vibration was 1/rev driven suggesting the unit had run up with a temporary bend.

A review of the barring file prior to this run up shows that the turbine remained stationary for approximately 1 hour following the previous run down on the evening of 15th March. The barring file shows the rotor straightening across the barring period, however the elevated vibration levels had not fully subsided before the start of the run up. If the unit was had remained on barring for a few more hours the rotor may had been able to fully straighten prior to starting.

Once the machine reached full speed and was loaded up, the vibration levels subsided as the machine straighten. Subsequent run ups and run downs have passed by without incident, comparing well to previous and giving no cause for concern.",Process Safety,Unit 6 Steam Turbine High Vibrations on Run-Up.,English,RW_ACTUALS_English.csv,Process Safety
"When carrying out investigation of Unit 4 GT Exhaust Duct, I came across a section of thin steel plate which had the potential to slide under the toe board of a fixed platform, the platform is to gain access to Unit 4 GT exhaust duct main door on the North side. Steel plate dimensions were approximately 500mm x 300mm",Safety,"Section of steel plate, potential to fall.",English,RW_ACTUALS_English.csv,Process Safety
"During routine inspection in the workshop, the extra deep workshop cleaning tank was observed to be without a valid PAT testing sticker.",Safety,Extra deep cleaning tank with no valid PAT testing,English,RW_ACTUALS_English.csv,Process Safety
Incorrect identification tags/labels on U4 Turbine HP heaters. 4A & 4B identification tags/labels are incorrectly marked.,Safety,Incorrect identification tags/labels on Turbine plant.,English,RW_ACTUALS_English.csv,Process Safety
"EGTL sites not 100% fully prepared for the recent inclement freezing temperatures.
Issues found with insufficient lagging leading to frozen transmitters,  incorrect temperature rating of glycol and failures of roller shutter doors.",Operational loss,Preparedness for Extreme Winter Conditions.,English,RW_ACTUALS_English.csv,Process Safety
U3 came off load at 21:29hrs and the AUO discovered a fire around No.4/5 bearing at 23:30hrs; extinguishers were used to tackle the fire but this didn't have the desired effect and subsequently a foam cannon was deployed which did extinguish the fire,Process Safety,PSNH - U3 Turbine Fire - No.4/5 Bearing,English,RW_ACTUALS_English.csv,Process Safety
"Piece of rogue steelwork (600mm in length) fell from above into an operatives work area on U4, level, B side within the boiler house.",Safety,Piece of steelwork fell from above into work area.,English,RW_ACTUALS_English.csv,Process Safety
"Alpha routinely annually tested the CO2 suppressant system on OCGT4, during the test the Fuel Oil shut off valve did not release.
A defect raised at P1 and was checked by Uniper engineer and a small coil cut throat switch adjusted which cured the initial fault, the valve, which is operated by a weighted bar closed very slowly on the first attempt, but subsequent releases the vale operated satisfactory.
It is the opinion of the Uniper Engineer that these valves should be tested more frequently to highlight and prevent this occurring again.",Operational loss,OCGT 4 Fuel Oil Fire valve failed to operate when tested by Alpha Fire,English,RW_ACTUALS_English.csv,Process Safety
"The HV motor for Unit 1 CW Pump 20 has incorrect labels that have attempted to be covered, but weathering has started to remove the tape.",Safety,CW Pump Motor Incorrect Label,English,RW_ACTUALS_English.csv,Process Safety
U4 E mill broken middle station handrail which leads to the top of the mill.,Safety,Broken station handrail on U4 E Mill Top.,English,RW_ACTUALS_English.csv,Non-Process Safety
Extraction pump tripped following high extraction pump diff pressure reaching 80mbar. filter found to be blocked with debris.,Asset and Reputation damage/loss,CDC tripped following High extraction pump suction strainer diff pressure,English,RW_ACTUALS_English.csv,Process Safety
"A raised section of carpet has been identified on the second floor of the West Building, just before the corridor that connects to the East Building, directly in front of the automatic doors.
This uneven surface presents a potential trip and fall hazard, particularly for individuals not expecting a change in flooring level.

Photos have been attached for reference.
It is recommended that this issue be assessed and addressed promptly to prevent any possible incidents.",Safety,Potential Trip Hazard – Raised Carpet,English,RW_ACTUALS_English.csv,Process Safety
During a walkdown of the air filter change work area it was noted that algae growth has created a slippery surface on the control room roof.,Safety,Slippery Surface on CCR Roof,English,RW_ACTUALS_English.csv,Process Safety
Coal Spillage into Hopper from Coal Stock above,Process Safety,PSO - 5B Coal Conveyor Reclaim Hopper,English,RW_ACTUALS_English.csv,Process Safety
Local resident emailed to report change of noise levels from the power station,Environment,Noise complaint,English,RW_ACTUALS_English.csv,Process Safety
"Fibrous dust observed in GS1 cooler. Compressor taken out of service, pending result of sample.",Safety,Observation of possible ACM in GS1 Cooler,English,RW_ACTUALS_English.csv,Process Safety
Guarding not fitted to the dosing pump skid. Guarding is adjacent to the skid.,Safety,Dosing pumps in the Ferric Chloride Building,English,RW_ACTUALS_English.csv,Process Safety
CDC Main Boiler Feed pump tripping out of service on temperature faults.,Operational loss,Main Boiler Feed pump tripping out of service on temperature faults.,English,RW_ACTUALS_English.csv,Process Safety
During shutdown of unit 3 (last unit) NH3 forwarding pump discharge pressure high alarms received (CP014 & CP015.  Tank pressure and accumulator pressures both steady. Ammonia forwarding pumps confirmed hadn't started. When trended pressure swings on the forwarding manifold evident approx 45 mins before U3 desynch. Local plant checks conducted and local pressure indications aligned with Ovation readings. No evidence of plant distress or any HRV's having operated. Over the following 1.5 hrs the pressures on the forwarding manifold restored to normal at around NH3 tank pressure before the erratic swings started again with no ammonia flow,Process Safety,PSO - Common ammonia plant forwarding manifold high pressure,English,RW_ACTUALS_English.csv,Process Safety
"U2 A ID Fan tripped on protection, causing the loss of a FD Fan, non pre-selected mills and FGD to trip.",Process Safety,PSNH - U2 Loss of an ID Fan,English,RW_ACTUALS_English.csv,Process Safety
"Due to availability of gas monitors and misunderstanding of the RA, persons were engaged in works above ground level of the HRSG of unit 1 in contravention of the established and communicated procedure.",Safety,Insufficient gas monitors available to enact RA225 effectively.,English,RW_ACTUALS_English.csv,Process Safety
"On a tour of site, we stopped and asked a contractor that was painting the inside of the stores door, to see their paperwork. whilst asking this, it was noted that the contractor was not wearing any PPE other than safety boots. And the area was not sufficiently barriered off.

It was found that:
* Correct PPE not being worn
* Another contractor working on the task who was not signed onto GSAF
* The contractors had not been set to work
* The nominated supervisor part, has not been signed.",Safety,Working party not set to work effectively,English,RW_ACTUALS_English.csv,Process Safety
"U7 HPB steam leak at drum level on the continuous blow down valve, upon deisolation steam was whisping from the lagging and defected 08.11.  Today 23.11 steam leak is worse.",Process Safety,U7 HPB Steam Leak critical at drum level effecting WSC chemistry control,English,RW_ACTUALS_English.csv,Process Safety
"During routine inspection of the chemical and flammable storage area, a few hazardous substances were found in unlabelled spray bottles and  25L container.",,Unlabelled Hazardous Substances,English,RW_ACTUALS_English.csv,Process Safety
"During housekeeping walkaround/inspection it was noticed that scaffold storage area on the 38m level had no protection or brick guards, and scaffold was stored above the kick plate. This had the potential for scaffold stored in this area to fall when being moved or transported.",Safety,Unsafe scaffold storage in HRSG,English,RW_ACTUALS_English.csv,Process Safety
"Smoke identified from B-Side of bearings 2&3, extinguished using portable foam extinguishers.",Process Safety,PSO - Unit 4 Turbine bearing 2&3 B-Side fire,English,RW_ACTUALS_English.csv,Process Safety
"The tests were conducted by ICS who had installed, glanded & terminated the cables on behalf of EMI.

The agreed test was a VLF test for 15 minutes at 19kV RMS (27kV peak) on three conductors simultaneously.

People present:-

Uniper – Dave Rowlands (SFT)
Siemens – Louis Bucholsky
ICS – Graham Sloan (Test Engineer)
ICS – John More

Sequence of events:-

•	C/O Panel – Fuse Panel & C/O Panel – SFC Panel cables tested successfully
•	SFC Transformer - SFC Panel (10CJN91) cables (9 off) confirmed disconnected both ends
•	Continuity test of all 9 cables completed
•	Transformer cable ends all well clear 
•	U1 cable ends (3 off) in SFC panel connected together and insulated boots positioned between cable lugs and busbar
•	V1 cable ends (3 off) in SFC panel connected together and to earth and booted
•	W1 cable ends (3 off) in SFC panel connected together and to earth
•	1kV DC insulation resistance test conducted successfully on U1 cables 
•	19kV VLF test started on U1 cables
•	Flashover was heard 2 maybe 3 times in quick succession before the test was terminated. It is assumed the flashover occurred between one of the U1 cable ends and the U1 busbar.",Process Safety,Testing of HV cables associated with SC10 SFC,English,RW_ACTUALS_English.csv,Process Safety
"Pallet was observed on fire adjacent to electrical equipment on walkway to contractors car park.  Fire was extinguished immediately using water, no injuries occurred.",Safety,Pallet on fire,English,RW_ACTUALS_English.csv,Process Safety
"Low-low level switch pipework nozzles. Corrosion noted after removal of poor condition lagging boxes, thickness checks reveal wall has corroded to 2.8mm at worst point from 6mm. UTL report attached.",Process Safety,Localised Under Insulation Corrosion of feedwater tank.,English,RW_ACTUALS_English.csv,Process Safety
"The Ancorite COSHH store is over full of COSHH items, and smells of chemicals. Store needs clearing to remove items that are no longer required.",Safety,Ancorite COSHH store contains too many items,English,RW_ACTUALS_English.csv,Process Safety
Employee was pulling out of petrol station and struck bollard on the side of the van at approx 2-4mph.,Safety,Van strike bollard petrol station,English,RW_ACTUALS_English.csv,Non-Process Safety
"Grain's stack deflection monitoring recorded movements of  >200mm 

U6 Peaked at 207mm 
U7 Peaked at 205mm
U8 Peaked at 116mm and didn't breach > 200mm",Operational loss,Stack Deflection exceeded >200mm (extended to the Nov 2025 - Target for permanent installation currently by end November’ 25 dependant upon agreements to proceed.,English,RW_ACTUALS_English.csv,Process Safety
"On the 14th of January 'Hire Car' has been delivered to Uniper employee. On the delivery it has been mention there is 3/4 of fuel but the fuel gauge is broken therefore should be ignored. The employee has been twice reassured the tank if full therefore car has been accepted. During the journey to Birmingham it was noticed the wash screen liquid is missing while road conditions were challenging.

The liquid has been purchased and filled. On the journey back fuel has also been purchased and the gauge showed 100%  therefore car was not delivered with full tank in the first place and employee has been told false information.

Hire Car Details: 
Reservation Number: K731-25083F5
Car: Peugeot 5008
Car Reg: KS21 OVK
Dates: 12th -17th Jan",Safety,Hire car not sufficient for required trip,English,RW_ACTUALS_English.csv,Process Safety
"Cleaner was removing cobwebs from corner of canteen ceiling, reported as ceiling tile falling and striking them on the head, investigation showed that item was a small section (3cm by 1cm) fell and struck them on the head. No injury was sustained, item was picked up and reported via observation form. No hard hat being worn as not required for office cleaning activities.",Safety,Small section of ceiling tile struck cleaner on head- No injury,English,RW_ACTUALS_English.csv,Process Safety
"New exhaust cowling was fitted to diesel fire pump exhaust, unlike previous exhaust which had a flap, new exhaust has a cap on top. The cap on the exhaust now directs exhaust gases downwards. During testing of fire pump the exhaust gases melted the gutter and caused heat damage to building roof.",Process Safety,Damage to fire pump house gutter due to new diesel fire pump exhaust cowling,English,RW_ACTUALS_English.csv,Process Safety
"Contacted by NRW via phone with confirmation by email regarding complaint:

As discussed, at 13:30 on Friday 28th February NRW received an incident report from a member of public.

It states the following

Caller concerned about clouds of smoke/gas discharging from Connahs Quay power station noticed yesterday and is happening again today. Caller has tried contacting site direct, but the number given is not being answered. Caller says she doesn't want an excuse of ""condensation"", as she claims ""condensation would evaporate, but these clouds are hanging about for 2 days"".

Reply to NRW from Environmental Advisor:

Hello and many thanks for your email. 

We’re keen to ensure all environmental complaints / enquiries regarding the Power station are answered as quickly as possible. As you may be aware, last weekend (Feb 28th to March 2nd) has been a time of very low wind levels, bright sunshine, clear skies and generally cold atmospheric conditions. 

Shown below is a screen grab of the weather entry for Hawarden weather station for Feb 28th 2025

As a result we were called to run three CCGT Units for the majority of Friday and at times four units ran together over the weekend. 

I’ve checked with our operational staff and can state we were called to run three CCGT Units for the majority of Friday and at times four units ran together over the weekend,  on all these occasions the machines ran successfully, with no incident or issue and well within our emission monitoring limits as specified by the site’s Natural Resources Wales regulated Environmental Permit. As you may recall our Gas Treatment Plant closed in 2023 and is no longer operational. 

As a result, I can only conclude that the complainant is referring to the significant cooling tower plume which would be produced by active generational levels on a cold and crisp winter day. The uncommon environmental conditions are very likely to result in the large scale formation of such plume, made more visible by the cold clear winter skies. 

This emission of cooling tower vapour is permissible inline with current environmental legislation. Should you have the ability to contact the complainant then we would be interested to know which phone number was rung and failed to contact the power station. Clearly we’re keen to ensure there is always a clean means of communication in times of potential incident complaint and we can seek to correct any incorrect phone numbers which might exist anywhere. 

Please don’t hesitate to contact myself should you require any further information regarding this issue.",Environment,NRW received an incident report from a member of public,English,RW_ACTUALS_English.csv,Process Safety
"A ring ratchet used for scaffold clips was found on the walkway on the south side of the HRSG @ 19m. It was balanced precariously on the grating and did fit through. Path was straight down to ground level.
Found on housekeeping audit of unit as part of HSSES forum activity.",Safety,Ring ratchet found on 19m level of HRSG walkway.,English,RW_ACTUALS_English.csv,Process Safety
"U71 - HRSG/Stack project - when lifting expansion joint - the object struck the platform on the new installed stack sections - reports of lifting issues on both days over the weekend - 04/03/23  & 05/03/23
Reports also that something fell - early reports being timber",Safety,U71 - Poorly controlled lift - object struck fixed stack platform and object/timer fell to floor,English,RW_ACTUALS_English.csv,Process Safety
Hydrogen leak alarm was received in the control room when the Sync comp machine came to standstill after being shut down at midnight. Shortly afterwards the maximum daily demand alarm was received and the hydrogen fill valves were automatically closed. Further investigations revealed that the hydrogen usage had increased since the machine had come off load. SC20 415V board re-powered from SC10 and the machine put back on barring. Further investigation needed.,Operational loss,SC20 Hydrogen leak.,English,RW_ACTUALS_English.csv,Process Safety
A piece of airborne grit landed in a member of our scaffold teams left eye. Grit washed out using eye wash. Employee rested for 15 mins to ensure no lasting injury then returned to work.,Safety,Grit in eye.,English,RW_ACTUALS_English.csv,Process Safety
The night shift mechanical contractor informed the Control Room that as they were setting up their work area they noticed a metal rod (approx. 30cm length) leaning against part of the main structural steelwork. They only noticed the rod as they were working from a scaffold platform near to it. If the rod was to fall once the scaffold has been removed it could land on the walkway a few metres below.,Safety,Metal rod found leaning on structural steelwork,English,RW_ACTUALS_English.csv,Process Safety
"At approx. 15.30 a scaffold clip struck an Altrad contractor on top of his right hand forearm whilst working on the ISDH platform U6 HRSG.
Not reported until the 19th.",Safety,Scaffold clip falling to next working level.,English,RW_ACTUALS_English.csv,Process Safety
During weekly check of CCTV at CDC the PRS cameras were found to be not visible from the CCTV console in the main CCR.,Asset and Reputation damage/loss,SECURITY OBSERVATION - PRS CCTV cameras not visible at CDC,English,RW_ACTUALS_English.csv,Process Safety
"A large volume of process dust (PFA) escaped from the expansion bellows above the PD pump, which had become dislodged. The bellows is above the dome valve at the base of the buffer hopper.",Process Safety,PSNH - U1 D PD Pump - Expansion bellows blown out,English,RW_ACTUALS_English.csv,Process Safety
"Contractor had completed work for the day and was in the process of taking a step ladder, tools and equipment away from the workplace. Intended to use stairs, but would have been unable to hold handrail. Stopped and instructed to use lift.",Safety,Contractor stopped before walking down stairs carrying tools/equipment in both hands.,English,RW_ACTUALS_English.csv,Process Safety
Driver at main site entrance reversed into bollard at security gate. Minor damage sustained to vehicle.,Safety,Vehicle reversed into bollard at main gate,English,RW_ACTUALS_English.csv,Non-Process Safety
"During a area inspection, a small power cable was found disconnected and burnt, with visible charring on footplates where cable had shorted to earth. Tape securing Correx had visibly burnt.",Asset and Reputation damage/loss,Evidence of small power cable shorted to metalwork creating arcing.,English,RW_ACTUALS_English.csv,Process Safety
Trailing pipe work noted in access routes  in Sewage Pump house and around separators pits. Review whether alternative options or routes are available to move these out of access routes/ or method to prevent trip hazard.(See report in attachment for photos),Safety,Area 18 - Safety Walk Observation - Trip Hazards,English,RW_ACTUALS_English.csv,Process Safety
Grinding work on 19m level of ITS header had insufficient barriers to prevent sparks leaving work area.,Safety,Uncontrolled Hot Work.,English,RW_ACTUALS_English.csv,Process Safety
"A microwave has appeared and there is evidence that FGD Laboratory/Indoor Assembly Point is being used as a mess room, with cups and empty food containers left on benches",Safety,FGD Laboratory/Indoor Assembly used as Mess Room,English,RW_ACTUALS_English.csv,Process Safety
"When carrying out isolation for permit requirements, I noticed one of the control valves 02FSRUV413 on plant was not in the location as shown on the P&ID. This had the potential of not having the required isolation in place for the work to be carried out.",Safety,P&ID not correct on drawing number CNC14FSR001,English,RW_ACTUALS_English.csv,Process Safety
"Whilst the MEWP was in use at 27mts level, it suddenly stopped working. It was identified that the machine developed fault codes and shut itself down,  The operator  was retrieved using the ground controls, using electric power, as the engine would not restart. The retrieve was carried out as defined normal operating procedures. The faults were reported to MEWP owners and a request for a service engineer made, The MEWP was quarantined awaiting service engineers report.",Operational loss,MEWP stopped operating whilst in use at a height of 27mts,English,RW_ACTUALS_English.csv,Process Safety
"Small leak from the FCV stem on H403 (EKF30AA101). 

Identified by contractor doing work on H403.",Operational loss,Leak on H403 FCV (EKF30AA101),English,RW_ACTUALS_English.csv,Process Safety
"U2 Bled steam to DA NRV's (526 & 539) believed to be labelled the wrong way around. Plant ID, FL on MOC and PFW all align. This discovery was made when observing the valve in question (the valve labelled as 539).",Safety,Incorrect plant labelling,English,RW_ACTUALS_English.csv,Process Safety
While I was pulling out of a layby in a company provided hire car (supplied via Hertz) I attempted to accelerate to join the traffic in a safe manner.  I had waited for a suitable gap in the traffic and then proceeded to accelerate.  The car initially accelerated normally to 20mph and then accelerated at a significantly reduced level.  This was concerning as the gap in traffic I had moved out in to was OK for a car able to accelerate to 70mph normally but wasn't large enough to allow for reduced acceleration.  This caused the vehicle behind to brake hard to avoid colliding with my vehicle.  I was able to over come the issue by manually shifting the gears and slowly accelerating until the car reached normal road speeds; the car then appeared to recover from the error and was able to drive normally again.  I then left the dual carriageway at the next exit and altered my route home to avoid busy roads. The car was fully automatic petrol car and had been performing correctly up to his point.,Process Safety,Hire Car Loss of Acceleration when moving on to A1 carriageway with traffic,English,RW_ACTUALS_English.csv,Process Safety
"During routine tagging inspections, it was noted that the scaffold barrier put in place near the National Grid 400kV Substation had been lifted and moved. The barrier was there as part of an active PEM120 zone in place for the Risk Management Hazard Zones associated to National Grid infrastructure",Process Safety,Scaffold Barrier moved without authorisation,English,RW_ACTUALS_English.csv,Process Safety
"At 15:19 on Monday 24th April SC20 experienced a fault on the Seal Oil system.
Sequence of events is – 
1.	Seal Oil pump 1 “Running” signal lost.
2.	No change in Seal Oil pump 1 discharge pressure, and no activation of the pump “Stopped” signal.  Seal Oil Pump 1 remains in service
3.	Seal Oil pump 2 is started by the DCO controller
4.	Seal Oil Pump DCO is faulted and forced into Manual
5.	2 pumps are now in operation until manual intervention to reset system

This is Synergi is to log that the Killingholme Operator was not in the control room when the alarms activated. Subsequently the CDC Control Room acknowledged the alarms but took no action.",Process Safety,SC20 Seal Oil Pump Faulted - Alarms missed,English,RW_ACTUALS_English.csv,Process Safety
"At 13:01, Penspen reported to Uniper Strategy Engineer by phone, that an excavation was found above the gas pipeline. No work on-going at time of find.
Approximate location is 51.448113, 0.679421 / What3Words mine.efficient.patting
As of 14:43, work permit has been suspended by GLNG after site attendance by Uniper STL",Operational loss,Excavation above Uniper Gas Pipeline on GLNG Land,English,RW_ACTUALS_English.csv,Process Safety
"‘1A’ ID fan outlet damper linkages are unguarded, mesh guarding is alongside the linkages on the gantry. It appears many other ID fan outlet dampers are also unguarded.
Separately, there appears to have been some access restrictions to these gantries made (due to length of vertical ladder?) whereas these restrictions are inconsistent across the 8 off ID fans. Notices on the ladder with access restriction to prevent it being used refers to it being locked whereas no lock is applied.",Safety,Unguarded plant - ID fan outlet dampers,English,RW_ACTUALS_English.csv,Process Safety
Unit 4 MBFP under performing. Exhaust to DA NRV found to be stuck in the closed position. Investigation in progress.,Process Safety,PSNH - Unit 4 Feed Pump Exhaust NRV failed to open.,English,RW_ACTUALS_English.csv,Non-Process Safety
During area safety inspection a vice was found to be attached via screw fitting to an hand rail. If this was to have come loose the vise would have fallen approximately 10 meters on to walk way. see attached photos,Safety,Risk of tool falling from Height.,English,RW_ACTUALS_English.csv,Process Safety
"IP bypass suspected as passing, PEM 120 EXCLUSION AREA IN FORCE. Given more time (End of Jan 2022) at IQM (15/12/21) and a separate meeting held for PEM120s.",Process Safety,u6 leak ip bypass,English,RW_ACTUALS_English.csv,Process Safety
A scaffold trailer became unhitched and dropped when the forklift pulling it moved.,Safety,Trailer became unhitched when forklift pulled away.,English,RW_ACTUALS_English.csv,Non-Process Safety
when drain open has potential for hot water to cascade to turbine hall,Process Safety,LP OTC water in airside drain,English,RW_ACTUALS_English.csv,Process Safety
"U3 Loss of Boiler control causing furnace instability, tripping of the PA Master, FD & ID Fan control, Mills dropped to minimum and FGD tripped. Unit MEL'd to 350mwso
Alarm reset, Firing controls returned to auto and FGD restarted.
So2 removal returned to normal 23:30hrs approx",Process Safety,PSNH - U3 Loss of Boiler Control,English,RW_ACTUALS_English.csv,Process Safety
During the routine changeover of BOP Transformers and Boards we lost the EDL Communications and Responsibility connections and also looks like we lost the Pi server. UTP Failure standing on New GPMS/EDL Modem,Process Safety,Loss of EDL & Pi Servers/Connection,English,RW_ACTUALS_English.csv,Process Safety
Power plant tripped from full load due to operation of IP Bypass Injection Water flow protection.,Process Safety,Plant trip - protection system operated.,English,RW_ACTUALS_English.csv,Process Safety
"Drone Cited within Enfield Boundary by Kaefer Contractor at 17:38 gatehouse informed and in-turn MCCR  contacted. Drone flew over the stack , Security has taken a video. Drone left around 1746 , it flew towards the Mollison Avenue.

Security scanned the CCTV along the boundary, couldn't locate, ID the user. 

Message passed onto night officer to monitor the CCTVs.",,Drone Cited within Enfield Boundary,English,RW_ACTUALS_English.csv,Process Safety
The Cat 950 front end loaded has sustained minor damage to the front left mud flap when loading up gypsum from the corner of the gypsum store. Mud flap scraped the wall and sustained minor damage.,Safety,Minor damage to mud guard on front end loader in Gypsum Store,English,RW_ACTUALS_English.csv,Process Safety
SCR Air Compressor house fire alarm & beacons triggered at approx. 13:30. Suspect due to dust/hot air following post compressor 3 service return to service. Main Control room informed by phone immediately but no automated alarm/indication in control room. Inspection confirmed no fire.,Process Safety,PSO - SCR Air Compressor House Fire Alarm Triggered,English,RW_ACTUALS_English.csv,Process Safety
"Retrieved keys for the Ford Mondeo (LJ68 KXE) to attend my Driving Monitor Assessment. Upon inspection of the vehicle, it was identified that the nearside front bumper light was not working.",Asset and Reputation damage/loss,Faulty Light on Pool Car,English,RW_ACTUALS_English.csv,Non-Process Safety
12ft cladding coming away from wall on U3 B side 120ft level.,Safety,Cladding coming away from wall with potential to fall.,English,RW_ACTUALS_English.csv,Process Safety
"Limestone Slurry Buffer Tank """"B"""" agitator failed and motor mounting bolts found sheared.",Process Safety,"Operational Loss - Limestone Buffer Storage Tank """"B"""" Agitator Failed",English,RW_ACTUALS_English.csv,Process Safety
"Steam leak coming from IP crossover flange, steam is rising through the lagging causing steam and water to escape from the bend of the lagging. PEM-120 required to prevent personal coming into contact with steam leak or hot surfaces",Process Safety,PEM-120 Cross over pipework steam leak,English,RW_ACTUALS_English.csv,Process Safety
"Attempts were made to unload a lorry of lagging . Upon opening the door and removing the first palette, leaning palettes cascaded out of the rear of the lorry. No persons were in the path of the falling object. Observation at the time indicated there was no clear plan for dealing with the hazard.",Safety,Lagging in lorry potential to fall from door,English,RW_ACTUALS_English.csv,Process Safety
"Completed on behalf of EDF Project Manager Tom Miller. 
Contractors working off ladders not footed, work area not demarcated and no signage posted on roads to inform traffic of people working.
Razor wire installation has the potential to harm if contractor falls from ladder.",Safety,Vale Fencing,English,RW_ACTUALS_English.csv,Process Safety
A task was due to commence using a SSoW that had been used for some time. The task involves pumping out and water washing an underground/covered sump from an external position via a removable tank hatch. When detail of the task was reviewed it was determined that the level of risk was not acceptable given the risk of falling into the sump and the method could quite easily be made safer. SSoW being amended before the task commences.,Safety,"Work suspended on a cleaning task, pending revision of safe system of work",English,RW_ACTUALS_English.csv,Process Safety
"Whilst changing blue roll in dispenser, kitchen staff could not quite reach top of blue roll dispenser to insert new blue roll, so stood on the table leg crossbeam to reach.",Safety,Access to Blue roll dispenser in UTG Kitchen,English,RW_ACTUALS_English.csv,Process Safety
Wellhead supervisor conducting maintenance identified that the anti-tamper device was missing from the SSSV and on further investigation the valve was locked in the open position meaning the valve would not have operated if required during an emergency.,Asset and Reputation damage/loss,H408 SSSV locked in open position,English,RW_ACTUALS_English.csv,Process Safety
All plant areas at Grain are suffering from poor housekeeping standards,Safety,Poor housekeeping standards across all plant areas at Grain,English,RW_ACTUALS_English.csv,Non-Process Safety
"East Building stairwell leading from the first floor to the second floor.  Ascending the stairs, I noticed that the tread on the right hand side of the second stair is loose and could cause somebody to slip and fall.",Safety,Loose Stair Tread,English,RW_ACTUALS_English.csv,Process Safety
"While exiting the GPP, the main gate was observed shutting on its own, before the closing command was activated via the swiping of ID badge on the designated card reader.",Safety,Unexpected shutting of Plant Main Gate,English,RW_ACTUALS_English.csv,Process Safety
"Portable fire extinguishers installed within the three service vehicles were observed to be over ""6months out"" of the standard annual inspection and servicing period; hence, may not work effectively if deployed during a vehicle fire emergency situation.",Asset and Reputation damage/loss,Uninspected Fire Extinguishers,English,RW_ACTUALS_English.csv,Process Safety
Works ongoing to dig out drainage channels next to building. Digger swung round and caught edge of the building.,Asset and Reputation damage/loss,Struck building with digger,English,RW_ACTUALS_English.csv,Process Safety
Grinder being used by site contractor found to not be of site standard as had no anti cut off device,Process Safety,Angle Grinder Anti Cut Off Device,English,RW_ACTUALS_English.csv,Process Safety
"Whilst preparing Contactor 30 for maintenance EKB30AA195; contactor knock out pot to produced water tank SIS valve, failed to open when requested. 

Solenoid failed causing valve not to open.",Safety,EKB30AA195 SIS valve failed to open,English,RW_ACTUALS_English.csv,Process Safety
"During routine safety walkout within the E&I building, many empty MEG containers were observed left on floors beside VSDs units within the E&I building. Also, containers with content were not positioned on a spill trays in case it spills.",Safety,Containers of Mono-Ethylene Glycols (MEG) Not positioned on Spill Trays,English,RW_ACTUALS_English.csv,Process Safety
A couple of cable trays in between the lift shaft and stairwell have become badly corroded (including some of the supports) on level 2.,Safety,U3 FGD Absorber cable trays and supports corroded.,English,RW_ACTUALS_English.csv,Process Safety
Work was stopped after observing exposed opening between gantry and HP OTC Manway door. Potential for fall from height. Scaffold boards with lashings not sufficiently covering opening. Once insulation is removed from HP OTC manway door it creates a cap between the door and gantry. This gap exists to allow door to be opened on its hinge. Access to work area restrictive with poor insulation material storage. Unconfirmed signage in work area. Lighting observed detached from cable tray and broken hanging down from cable onto insulation material. Overall poor work area.,Safety,U81 HP OTC Exposed opening after manway door insulation removed,English,RW_ACTUALS_English.csv,Process Safety
Unable to find reason for spurious plant trip,Process Safety,PSO - Ammonia Plant Tripped and Deluge operated,English,RW_ACTUALS_English.csv,Process Safety
"Altrad site vehicle (pickup) collided with a concreate bollard situated outside the permit office/ double door access to main admin block (""black corridor""), local to pedestrian crossing. It resulted in damage to the bollard as it was knocked over and minor damage to the vehicle. No injuries or other damage.",Safety,Site vehicle collision with concrete bollard,English,RW_ACTUALS_English.csv,Process Safety
Observation made of water ingress within the stores area. The water is making its way through areas of the roof/guttering and running alongside electrical cabling.,Process Safety,Water ingress within the stores,English,RW_ACTUALS_English.csv,Process Safety
"Whilst carrying out operational duties on U3 B side burner E & G level, a small amount of dust blew up under individual's safety glasses and into his right eye causing some discomfort. He immediately notified one of the shift first aiders to render assistance.",Safety,Dust in eye,English,RW_ACTUALS_English.csv,Process Safety
"U4 desynched at 17:25 31/12/22. 22kV VCB opened but alarms showing position fault, channel 1 and channel 2 trip circuit for gen circuit breaker (alarm list photo on other email).
Next issue was the shaft went to 0 RPM at 17:26. On investigation found the barring gear had lost all of its oil. Hand barring of shaft commenced. Whilst investigating the barring gear issue it was noticed that the GEX panel was still in service
22kV VCB not showing fully open on local bullseye indicator. Excitation field switch still closed. Unable to open 22kV VCB via local panel. Unable to open GEX field switch via local panel. 04GEX448PNL disconnector opened remotely to take power off GEX panel.
The 22kV Gen VCB looked almost fully open – visual check of mechanical linkage
Attempted to open 22kV disconnector 04GSY200ISL but failed, suspect due to 22kV VCB not showing fully open limit. GSY control panel left in local
All flags in GPA panel left as found (photos sent on another email)
High temp plug and fusible plug replaced on fluid coupling and refilled with oil. Unit back on barring at 20:46.",Process Safety,U4 Generator Circuit Breaker not opening fully,English,RW_ACTUALS_English.csv,Process Safety
Several pipe support bolts are overly long around Unit 2 HP heater platforms (adjacent to 4A and 4B level floats). Bolts are sticking down and causing hazard for those working in and around the area.,Safety,Overlong bolt threads causing hazard,English,RW_ACTUALS_English.csv,Process Safety
"The gap between permanent gantry and the duct door is sufficient to allow somebody to try and step into the gap, onto what is a fragile floor (it is only made of cladding) so potentially would not support a person's weight. On this particular duct door (duct 14) there is a significant drop below to a gantry. This hazard would benefit from being cascaded to relevant persons to increase awareness as temporary access (scaffolding) may not always be used in instances where the door is opened. There has been no change in this part of the plant since it's build so this is not something new. This is being looked into by the FGD team.",Safety,U2 FGD plant - duct 14 duct door access,English,RW_ACTUALS_English.csv,Process Safety
"Spoke to working party regarding the potential to fall into the lift shaft at time of discussion  the  entry to the lift shaft was not guarded by either the temporary door or the folding gate, there was a potential to fall approximately 5 feet. (height could be different depending upon the floor)

Spoke to working party on another occasion highlighting the gap between the top of the lift cab and the landing, they were accessing the top of the cab from the landing with a gap of about 900mm. Work was stopped, we discussed possible solutions to bridge the gap. Instructing Engineer informed and discussed a way forward.",Safety,Installation being carried out of new design of lift within the Control Building,English,RW_ACTUALS_English.csv,Process Safety
"While being moved to allow cleaning activity, a team members' tool box overturned causing draw to open and damage to measuring equipment",Safety,Toolbox overturned while being moved,English,RW_ACTUALS_English.csv,Process Safety
"Safety helmet being worn by member of a working party on the main chimney fell off and fell to ground level. The working party were located on the top landing of the main chimney, the helmet fell internally into the enclosure of the access lift, which was within the exclusion zone established for this task.",Safety,Item fell from height into exclusion zone,English,RW_ACTUALS_English.csv,Process Safety
During the Nightshift the Access Ladder to the Roof Located on the RH Enclosure Wall had been removed by Ansaldo. This task was not part of the Planned Activities given during the Ansaldo Handover. The Swing Gate located at the top was not secured after removal and the ‘Control of Openings’ Register was not completed. Access to the Swing Gate could still be made from the Roof Space.,Safety,Ansaldo removed GT Enclosure Roof Access Ladder without following control of openings procedure,English,RW_ACTUALS_English.csv,Process Safety
"Unit 1 B Pressurisation Fan VSD tripped and two minutes later the mills in-service with dynamic classifiers tripped.
A Pressureisation Fan failed to start even though it was selected to remote and had no alarm standing. A Fan started in local and mills returned to service.

Unit MEL reduced to 230 MWs from 2030 until 2111.  Further in-balance losses incurred as Unit load drifted to 220 MWs sent out whilst furnace was brought under control.",Process Safety,Operational Loss - Pressurisation Fan Tripping - Fire Nearly Lost.,English,RW_ACTUALS_English.csv,Process Safety
Missing safety valve or pressure gauge identified during insurance inspection. Further investigation required to understand how this has occured.,Process Safety,BES: 39382527 Immediate defect. The Air Receiver is not currently fitted with a Safety Valve or Pressure gauge,English,RW_ACTUALS_English.csv,Process Safety
U1/2 Caustic Dosing skid eye wash station No 4 bottles found out of date (expired 08/2020). U3/4 Caustic Dosing skid eye wash station No 11 bottles missing.,Safety,Eyewash stations out of date and not replenished.,English,RW_ACTUALS_English.csv,Non-Process Safety
No.2 CW Pump taken out of service due to high gearbox bearing temperature on test run following major overhaul,Operational loss,Ops Loss - No.2 CW Pump Taken Out of Service Due to High Gearbox Bearing Temperature,English,RW_ACTUALS_English.csv,Non-Process Safety
Follow-up to ISO 14001/18001/9001 Audit findings via safety walk at PES with Management Team members,Safety,Safety Walk at PES,English,RW_ACTUALS_English.csv,Process Safety
When carrying out online safety valve tests it was noted that the valve contractor had the wrong mean seat area in their system whilst calculating the expected outcome.,Process Safety,Wrong mean seat area for valve when carrying out online safety valve tests,English,RW_ACTUALS_English.csv,Process Safety
"A Siemens contractor complained of chest pains and shortness of breath. The unwell person was made comfortable in the welfare area and first aid personnel were in attendances. The ambulance service was notified but by mutually agreement, between the ambulance services and site management, the unwell person would be taken to hospital  via site transport. The ambulance would take many hours to attend. 

Following checks at the hospital, no conclusive diagnosis was ascertained and the patient was discharged with no restrictions. He will return to work.",Safety,A person feeling unwell with chest pains.,English,RW_ACTUALS_English.csv,Process Safety
Work was being carried out in the pit giving access to the CW pipe hatches on unit 2. The pit is adjacent to a CO2 tank and a FLT and van were in the immediate area. No gas monitor was used prior to entry or during work.,Safety,Work in manway pit being carried out without being tested prior to entry.,English,RW_ACTUALS_English.csv,Process Safety
Fire extinguishers on U1-U3 T/Hall & HRSG and CCR 3rd floor out of inspection date - no spare units as also OOD,Safety,Multiple fire extinguishers OOD,English,RW_ACTUALS_English.csv,Process Safety
"Evacuation crash gate CDC-10-UZB-10-KB010 found the magnetic lock appears not to be working correctly as was found in an unlocked position causing a security risk

In addition to this the gate was found to not read people going out of site and back in to site during recent evacuation test.",Asset and Reputation damage/loss,Evacuation crash gate not working,English,RW_ACTUALS_English.csv,Process Safety
During access structure remedial works it was noted that the ladder gate at 2m level had been removed without sufficient precautions and without being authorised.,Safety,Handrail Opening Carried Out Without being Authorised,English,RW_ACTUALS_English.csv,Non-Process Safety
"Contractor from APC working on Sync Comp outage was not wearing eye protection and did not have glasses with him. His colleague provided him a spare pair.
The contractor was reminded of the PPE requirements on site site. Uniper Nominated Supervisor informed of observation.",Safety,Sync Comp outage Contractor not wearing eye protection,English,RW_ACTUALS_English.csv,Process Safety
"A near hit incident occurred involving a forklift and a stack of heavy steel plates. The incident took place at outside Unit 1 turbine hall at approximately 14:05

Details of the Incident:

Forklift Operator:  PES 
Equipment Involved, Steel Plates

Sequence of Events:
The forklift was transporting a stack of heavy steel plates.
As the forklift took a corner, the plates began to slide off the forks.
The sliding plates posed a significant risk of falling and potentially causing injury or damage.

Immediate Actions Taken:
The forklift operator immediately stopped the vehicle to prevent further movement of the plates.
The area was cordoned off to ensure safety until the situation was stabilized.
Additional personnel were called to assist in safely repositioning the plates.

Root Cause Analysis:
Load Securing: It was identified that the steel plates were not adequately secured before transport.
Forklift Speed: The speed at which the corner was taken may have contributed to the instability of the load.
Corner Handling: The angle and method of turning the corner were reviewed for safety compliance.",Process Safety,U1 OUTAGE - FLT Transporting Generator Casing Steel Plate,English,RW_ACTUALS_English.csv,Process Safety
"aerosol paint can failed mechanically, small 4mm hole imploded into can releasing contents over mechanical trainer.",Process Safety,Process Safety,English,RW_ACTUALS_English.csv,Process Safety
"A card fault on one of the site fire panels caused a loss of alarm reporting from the following areas: U4 HRSG, U2, 3 and 4 CT switchrooms, and SDX switchroom.",Safety,Fire panel faults compromising fire safety in specific areas.,English,RW_ACTUALS_English.csv,Process Safety
"While starting up regen units 20&30, several control and ESD valves failed to open/operate normally and causing flame failures on the units. The valves failed to open  due to snap sub-zero temperatures following periods of wet/rainy weather, thereby trapping frozen liquid within the valves and its pneumatic silencers.",Process Safety,Flame Failures on Regeneration Units,English,RW_ACTUALS_English.csv,Process Safety
Headroom restricted on entry to HP heater intermediate gantry on Unit 4. Access scaffold erected for outage maintenance partially restricting access and also impacting the lighting in the area.,Safety,Restricted headroom on entry to gantry,English,RW_ACTUALS_English.csv,Process Safety
"When disconnecting the vapour return hose at the tanker end there was a small release of ammonia vapour, causing the east side line-of-sight gas detector to initiate a SIS ammonia plant trip. The ammonia plant was forwarding to U3 at the time of the trip and NOx injection was lost for c.40 minutes, until ammonia plant was re-established.
To clarify both the tanker chiksan arm and vapour return hose were off-pressure. The chiksan arm had been successfully disconnected. Conclusion is that there must of been a small amount of liquid ammonia within the vapour return hose that was not evident (zero pressure & no frosting), which gassed off during disconnection.",Process Safety,PSO - Ammonia plant trip after delivery,English,RW_ACTUALS_English.csv,Process Safety
It was noted that an operative working in the Uniper workshop was grinding without the correct PPE and was using a grinder that was not to the approved Uniper grinder standard,Safety,Incorrect PPE and grinder not to Uniper Standard,English,RW_ACTUALS_English.csv,Process Safety
"Whilst carrying out repairs on cooling towers timber it was noted that the walkway near cell 11 was spongy, the working party barriered they walkway and stopped work. An internal inspection is required on the state of the internal timbers.",Asset and Reputation damage/loss,Cooling tower cell 11 spongy boards on walkway,English,RW_ACTUALS_English.csv,Process Safety
When leaving site a vehicle made contact with another parked vehicle which subsequently was pushed into another parked vehicle.,Safety,Minor low speed vehicle collision in contractor car park,English,RW_ACTUALS_English.csv,Process Safety
PEM120 in place to protect persons and plant in the event gland blows fully out,Process Safety,U8 BOV 16 Leak Deteriorating,English,RW_ACTUALS_English.csv,Process Safety
A PFW (2024/01028)  was created and issued for work on unit 4 CW pump which included install and remove an access ladder into a sump. this document was returned to the permit office and the competent person had written none in the clearance section. this was in front of a SAP who challenged the competent person about was the ladder still install as the job was still progressing. The competent person stated the ladder was still installed and  they were advised to state that in the clearance section which they did. A new safety document was then created to include the removal of the ladder (2024/01030) the job progressed and the new permit was cleared with none in the clearance section. on physical inspection the ladder was still installed.,Safety,Safty Document clearance section exceptions not noted correctly,English,RW_ACTUALS_English.csv,Process Safety
Spare blades for guillotine stored adjacent to machine. Providing risk of trip to pedestrians using the workshop.,Safety,Guillotine spare causing trip hazard,English,RW_ACTUALS_English.csv,Process Safety
"U7 Turbine Hall Roof Fan 5 damper has come loose and may fall, causing risk to person or plant below.",Process Safety,U7 Turbine Hall Roof Fan 5,English,RW_ACTUALS_English.csv,Process Safety
"A contractor, working at a height as part of a collaborative effort to upgrade windows on the first floor of an office block, found exposed loose cabling. Upon examination, it was determined that the cables were still live.",Process Safety,Contractor discovers active electrical wiring during on-site operations.,English,RW_ACTUALS_English.csv,Process Safety
A Bolt was spotted on a structural beam adjacent the U1/2 damper stairwell. The bolt was retrieved and removed to remove the potential falling object hazard.,Safety,"Bolt found on structural beam, potential fall hazard. Bolt retrieved and removed.",English,RW_ACTUALS_English.csv,Process Safety
Whilst lorries were being filled with dust there were excessive levels escaping from the dust silo,Safety,Excessive dust escaping from the dust silos whilst filling of lorries in operation,English,RW_ACTUALS_English.csv,Non-Process Safety
M25 lorry park being constructed over Enfield Gas Pipeline,Operational loss,M25 lorry park being constructed over Enfield Gas Pipeline,English,RW_ACTUALS_English.csv,Process Safety
"The scaffold storage area on the 39' level at the East side of U4 requires some improvement to the edge protection to ensure nothing can fall over, or through, the handrails.  Scaffold mobile tower also obstructing fire extinguishers.",Safety,Edge protection for scaffold storage area requires improvement,English,RW_ACTUALS_English.csv,Process Safety
Upon a Job inspection it was reported that the ladders being used for the task had a small split in the leg. This had previously been reported and the ladders were quarantined at the time. They have therefore found their way back into service.,Safety,Ladders Found in use with defect present after previously being reported as Quarantined.,English,RW_ACTUALS_English.csv,Process Safety
Part of the internal perforated foil has become detached and been ejected from the roof vent.,Process Safety,Unit 3 HP Drains Vessel Roof Vent,English,RW_ACTUALS_English.csv,Process Safety
From daily performance report a sustained period of high MT4 metal temps on U3 MT4-16 (Element 10) from ~ 16:00 to 21:00. Max temp 664C at 16:08,Process Safety,PSO - High reheater outlet antler metal temps (MT4),English,RW_ACTUALS_English.csv,Process Safety
"Working party using Uniper supplied harness.
Radio being used as means of communication had a flat battery.",Safety,ACC Lighting Work Observations Insufficient Work Control Management,English,RW_ACTUALS_English.csv,Process Safety
"Persons Involved:
J Plage - Gatehouse
A Black - 3rd floor
M Williams - Control Room

Work halted on fire panel and system returned to normal operating mode.

Timeline:

11:00am - Site evacuation alarm sounded.
11:02 - Day team mustered in room adjacent to control room. 3rd floor confirmed clear.
11:03am - Security team deployed barrier to avoid unwanted access to site.
11:05am - One person arrived at gatehouse without fob. Security logged this and manually entered him as mustered. Dragon building confirmed clear.
11:09am - P Sloan assigns himself as Muster Controller. N Evans assisted.
11:12am - Electronic record of personnel on site printed. 3 persons unaccounted for.
11:14am - Role call taken at evacuation point - 3 persons unaccounted for present (fobs not picked up by scanner).

Comments:

Interrogation of system confirmed all persons had actually evacuated by 11:10am. Shift team were unable to silence the evacuation alarm in the control room which could have adversely affected comms during a genuine incident. Because of the positioning of the PPBoard, day team members were not visible to the shift TL.",Safety,Emergency Evacuation Test,English,RW_ACTUALS_English.csv,Process Safety
"During the night shift on 16/11/2024, the GE team progressed well and made the decision to lift the main casing. However, it is unclear whether the lifting procedure was followed as per standard protocol.",Safety,GE Main Casing Lift,English,RW_ACTUALS_English.csv,Process Safety
Access to temporary WTP is directly into roadway without suitable segregation of maintenance/ops staff from vehicles.,Safety,Pedestrian/vehicle interface failure,English,RW_ACTUALS_English.csv,Process Safety
"Roll-Call

Currently our electronic Muster is not working, as process dictates when this goes down we start a manual roll-call and so this is what we have been doing now since Thursday night, however with tomorrow being the first working day for a lot of new contractors coming to site and for visitors and deliveries it could be a very busy day, especially in the morning.

This issue with the electronic Muster arose a couple of weeks ago when Secure One came to do updates, my worry now is that this could end up being a lengthy process and everyday this takes to get fixed takes a significant hit on other duties but also it can take a lot out of the team. I don’t believe there is an ETA on when this issue will be resolved too.

Since the updates took place we have noticed that everyday without fail our access computer loses connection at approx. 11:15am and when creating new cards for permanent staff/contractors the UNIPER template for the front of the cards is not correct. (This has been reported to Kevin Braine).",Process Safety,Access Control System failing,English,RW_ACTUALS_English.csv,Process Safety
Unit 4 Recirc pump was isolated on Friday 18th June for works planned for Saturday 19th June when it was understood that the unit would de-sync Friday evening.,Process Safety,PSNH - U4 Recirc Pump Isolation prior to Unit de-sync,English,RW_ACTUALS_English.csv,Non-Process Safety
"The terminal cover of HV motor APH 210 MO was removed in preparation for a test for dead, however the issued safety document was for HV motor APB 210 MO. Fortunately, both motors were isolated although the APH motor was not earthed.",Safety,Terminal cover removed from incorrect motor.,English,RW_ACTUALS_English.csv,Process Safety
"Whilst descending a scaffold ladder into screen wheel 1 chamber, the individuals personal radio became caught on a scaffold pole causing it to fall from rear pocket into the water below. No persons were injured.",Safety,Radio fell from pocket whilst descending a ladder,English,RW_ACTUALS_English.csv,Process Safety
Number 4 Good lift is out of service and no signage is installed on the barriers,Safety,Number 4 Good lift is out of service and no signage is installed on the barriers,English,RW_ACTUALS_English.csv,Process Safety
Slight splash of diluted FFA into eye whilst working on U1 DA,Safety,Slight splash of diluted FFA to eye,English,RW_ACTUALS_English.csv,Process Safety
"When the pump was put into service following maintenance activities, there was a leak from the underside of the pump which appears to be coming from the pump discharge hose, initial investigation suggests that the hose is rubbing against a section of steelwork which has caused the hose to  fail and develop a leak, further investigation required to confirm once the hose has been removed.",Process Safety,"Unit 2, Oil leak from 02GFRPP002 ( Control Fluid Pump) discharge hose.",English,RW_ACTUALS_English.csv,Process Safety
"The Cooling Water dosing system had not been in service since 06/12/2021 and works on the Cooling Tower had not been suspended. Although the bug count reading was within the permissible level, suitable dosing of the system was not in service due to maintenance work being carried out on the Chlorine probe.",Process Safety,Cooling Tower work not suspended when dosing not in service.,English,RW_ACTUALS_English.csv,Process Safety
There is a permanent working platform on the B side of U2. Looks like it is used for maintenance activities. There are parts of the hand rail missing and as such the access gate to the platform should be locked off.,Safety,Uncontrolled working platform,English,RW_ACTUALS_English.csv,Process Safety
Hose looks in poor state and requires replacing. Not sure if it is an approved fire point due to no signage etc.,Safety,Hose in poor condition opposite WTP and adjacent to the fuel oil tanks,English,RW_ACTUALS_English.csv,Process Safety
Unit 7 door 71-umc-10-ab103 near CW system appears to have overtravelled up rolling the door into the top shroud ripping the safety edge off. Door left switched off and notification raised.,Process Safety,SMALL ROLLER SHUTTER DOOR SAFETY EDGE RIPPED OFF,English,RW_ACTUALS_English.csv,Non-Process Safety
U3/4 Caustic/Amine Dosing skid Cetamine IBC outlet pipework that supplies U3/4 Cetamine Dosing pumps found supported by a piece of blue rope.,Process Safety,U3/4 Cetamine Pipework additionally supported with rope,English,RW_ACTUALS_English.csv,Process Safety
"While setting up to lap the valve seat of valve 783, individual dropped grinding plate (12""diameter x 1/2"" thick aluminum plate) down MBFP exhaust pipe.

When craftsman was lifting the plate off the valve seat to remove the plate, he knocked the valve casing with grinding plate, which then slipped from his hand and dropped down the pipework.",Safety,U3 MBFP Exhaust valve 783. Dropped lapping plate inside MBFP exhaust pipe.,English,RW_ACTUALS_English.csv,Process Safety
When using the seaweed skip the safety latch failed and dumped the seaweed on the floor. It was noted that the other skip safety latch had failed too. Defect 21532841 raised including pictures.,Process Safety,Seaweed Skip Damage,English,RW_ACTUALS_English.csv,Non-Process Safety
"Scaffolding was scheduled to be erected for work on Diesel Generator 1, however scaffold was erected on Diesel Generator 4.",Safety,Scaffold erected on the wrong piece of equipment,English,RW_ACTUALS_English.csv,Process Safety
A void has opened in the A site slab 10 - 15m North of the new unit 41.  It goes to a depth of approximately 1m and seems to connect to a drain channel,Process Safety,Void opening in the A Site Slab,English,RW_ACTUALS_English.csv,Process Safety
Whilst investigating ID Fan BVC actuator fault and driving actuator to open and closed travel the drive arm linkage snapped causing the drive arm to pivot down and fall onto the guard hand rail.   Unit operator was observing movement of actuator at a safe distance from actuator at the time.,Safety,PSNH - U4 A ID Fan BVC Drive Arm Linkage Failure,English,RW_ACTUALS_English.csv,Process Safety
Storage cabinet in poor state of repair and tidiness and needs clearing.,Safety,U4 ID fan apron storage cabinet needs clearing,English,RW_ACTUALS_English.csv,Non-Process Safety
"HP otc control valve gland leak, requires PEM 120 exclusion zone
defect 21404993 entered",Process Safety,Gland leak u7 otc control valve,English,RW_ACTUALS_English.csv,Process Safety
On a Housekeeping walk we noticed some pipe lagging in two places that is at risk of falling from height.  One is by the door and the other half way along the pipe.  The area is outside the Planning Team/Library and IT Building.,Safety,Lagging hanging from pipework at height,English,RW_ACTUALS_English.csv,Process Safety
Archeological survey was been carried out on the Killingholme site on the east side parallel to the old cooling tower location. The contract company was using an excavator to dig down approx 1.5m to the 'archeological layer'. Whilst carrying out the excavation the excavator caught a cable duct containing four cables. The ducting was shattered but the cables was unharmed.,Safety,Underground Cable Duct damaged by Excavator.,English,RW_ACTUALS_English.csv,Process Safety
On a plant walk around it was noticed that various transformer labels are showing the wrong voltages for the transformers.,Process Safety,Mislabelled transformers,English,RW_ACTUALS_English.csv,Non-Process Safety
Following a walk out with the HESAC it was identified that a scaffold on a walkway on the heater platform of U4 had no end caps on the transoms or foam on the standards to make them more visible.,Safety,Scaffold standards,English,RW_ACTUALS_English.csv,Process Safety
"Level 1 portacabin meeting room, during a meeting light fitting dropped from the ceiling without being touched or anyone nearby.",Safety,Light fitting fell unexpectedly.,English,RW_ACTUALS_English.csv,Process Safety
While isolating ABC Fan 9.2 the isolation switch did not seem to operate correctly. Further attempts had the same result. With the switchgear selected to the off position the fan was given an on command from the DCS and it started demonstrating the isolator was not effective.,Process Safety,ABC fan isolator not effective,English,RW_ACTUALS_English.csv,Process Safety
The barrier outside the east side of U2 HRSG has been damaged. See attached photos for detail,Safety,Damaged Barrier - east side of U2 HRSG,English,RW_ACTUALS_English.csv,Process Safety
Following a work break the BA mask (air fed)  was put back on and dust was blown into the eye.,Safety,Dust in eye,English,RW_ACTUALS_English.csv,Process Safety
"Door has come off hinges, suspect recent high winds contributed. Door was missing all screws from the top hinge and only 1 screw in lower hinge. Exposing access to pipe services / pipes and drop to ground floor.",Safety,Door has come off hinges and fallen against shelf (no personnel nearby at the time),English,RW_ACTUALS_English.csv,Process Safety
4D mill top handrail not present in area under seal air cabinet (high level).,Safety,Missing Handrail on 4D Mill,English,RW_ACTUALS_English.csv,Process Safety
"Water has pooled around 3 drain points on U2 FGD apron, and has frozen over creating a hazardous condition.",Safety,U2 FGD Apron Drains Over-filling - Freezing in cold weather,English,RW_ACTUALS_English.csv,Process Safety
Cables dangling from above are obstructing the walkway next to Unit 3 E & G burners,Safety,Cables obstructing a walkway,English,RW_ACTUALS_English.csv,Non-Process Safety
During a WCM it was observed that there were discrepancies in the setting to work process relating to plant identification. This was discussed with working party for clarification and identification of correct equipment. Discrepancies were with Functional location/MO/PFW/RA/equipment item,Safety,Unit 1 SFC Plant identification and panel identification inappropriate,English,RW_ACTUALS_English.csv,Process Safety
Gas cylinders in the storage area have been left in a precarious position.,Safety,Gas cylinders stored inappropriately and at risk of falling.,English,RW_ACTUALS_English.csv,Non-Process Safety
"Sequence of event on April 21st 
1.	23:35hrs CPU-1&2 taken on long circulation.
2.	01:45hrs Feed tank changed over from T-302 to T-303.
3.	Non urgent alarm received in SCADA, related to CPU-1 Furnace. Firing did not stop
4.	Operators checked in Furnace BMS PLC and found Naphtha KOD (knock Out Drum) Level low low alarm. Level indication found 0. 
5.	Furnace stopped from SCADA immediately at 02:07hrs.

Found LCV-1712 is open. On checking in field found KOD level is very High. Drained more than 10 buckets of Naphtha and level brought down less than the low pressure impulse line of the Level Transmitter. Level Transmitter low pressure impulse line drained and indication restored in PLC. Alarm reset done in PLC and furnace started at 03:45 hrs. 

The suspected root cause is a momentary malfunction of LCV-1712 or LT-1711 the reason for this is under analysis. LCV-1712 - Level control valve maintain a constant level of NAPHTHA supply to KOD. LT-1711 controls the level of Naphtha in KOD and sends signal to LCV-1712 to open/ close the LCV-1712 valve for supply of Nphtha based on set values.",Process Safety,KOD tank,English,RW_ACTUALS_English.csv,Process Safety
Proposal to affix new signage to limit large tank vertical access ladders to emergency use only and direct staff to alternative stair access,Safety,FGD common plant tank - vertical access ladder,English,RW_ACTUALS_English.csv,Process Safety
"Went to use office laminator - the machine had a previous laminated sheet stuck indicating a jam alarm.  Managed to clear the blockage, went to turn on the laminator and it started smoking. Unit has been quarantined.",Asset and Reputation damage/loss,Office laminator - left in a dangerous state,English,RW_ACTUALS_English.csv,Process Safety
"Pipework failure on Diesel Fire Pump
3/8"" stainless pipe failed on fire pump discharge pressure CV during test run
First inspections show that the pipe may have sheared due to vibration induced hardening",Process Safety,Pipework failure on Diesel Fire Pump,English,RW_ACTUALS_English.csv,Process Safety
"Damaged station handrail on U3, level 1, station side dampers, southside dampers.",Safety,Damaged Station Handrail,English,RW_ACTUALS_English.csv,Non-Process Safety
"On a plant walk around I found that there is a trip hazard from a failing drain rodding cover in HCL unloading bay.
Previously identified in the HCL unloading area improvement plan. Not yet rectified.",Safety,Trip hazard from failing drain rodding cover in HCL unloading bay.,English,RW_ACTUALS_English.csv,Process Safety
As above security and fire risk issue (draught),Process Safety,"SECURITY - A number of pedestrian doors are roped open, mag locks and handles are broken",English,RW_ACTUALS_English.csv,Process Safety
"During the grating inspection on all units it was observed a number of Hilti grating clips on the 38m level had sheared. The gratings still had clips attached and were not loose, the risk of falling was low. Reported by TEI.",Safety,Grating Clips found defective,English,RW_ACTUALS_English.csv,Non-Process Safety
Metal cladding sheet fell from the outside of the admin building (approx 1st floor) during period of high winds. Landed on block paved area (no personnel in the area at the time),Safety,Cladding panel fell from admin building during high winds,English,RW_ACTUALS_English.csv,Process Safety
Both Trip solenoids failed the weekly process safety test when exercised,Process Safety,PSNH - U2 B Side Reheat Interceptor solenoid trip valves,English,RW_ACTUALS_English.csv,Process Safety
A gas reading was seen on the aux block and GT gas detection systems in the Control Room. A leak check was carried out and it was found to be coming from the EV Premix Control valve 11MBP41AA002 main body flange.,Process Safety,Gas leak from EV Premix Control Valve inside Aux. Block,English,RW_ACTUALS_English.csv,Process Safety
"While trying to carry out a recalibration of instrument gas detector (UMM20ZQ002A) within compressor 20 enclosure, following a fault alarm; a technician made a mistake and connected the calibrator on the wrong detector (UMM20ZQ002B) and released the test gas as per procedure. However, after realizing that they were trying to calibrate the wrong detector, the technician disconnected the calibrator and attached it to the right detector (UMM20ZQ002A) and proceeded with the calibration... this lead to the activation of the site's fire alarm because the test gas released earlier was detected by the gas detectors.",Process Safety,Unplanned Site Fire Alarm Activation During Testing,English,RW_ACTUALS_English.csv,Process Safety
"Unit trip : 12:27. This was following the loss of control of the HP Feed Reg Valve. Consequently, high temperatures occurred upstream of the HP Superheater 1 (>445°C). This initiated a GT Shutdown which was followed by a unit trip. The Unit was declared unavailable from 12:30 until 14:50 when it was made available in open cycle.",Process Safety,GT shutdown followed by Unit trip,English,RW_ACTUALS_English.csv,Process Safety
"U1 A SSFP tripped on protection, with B SSFP performance poor, load was lost and MEL reduced.",Process Safety,Op loss - Unit 1 A SSFP Tripped,English,RW_ACTUALS_English.csv,Process Safety
"Thermal Diff instrument u/s, resulting in Mel reduction to 440MWso",Process Safety,PSO - U4 SSFP Leak-Off valve,English,RW_ACTUALS_English.csv,Process Safety
"Hazardous waste container (for fluorescent) at the laydown area was observed unsecured, hence, can be moved or blown away during strong winds.",,unsecured waste container,English,RW_ACTUALS_English.csv,Process Safety
GE were disassembling the CVC2 casing in the Casing Stands using ITH equipment to remove the split line bolts. When removing the second to last bolt the tooling became disengaged from the stud.,Safety,ITH Tooling uncontrolled release on CVC2 Split line,English,RW_ACTUALS_English.csv,Process Safety
Work being carried out to clean CMB that was planned for tomorrow (15/04/21) without a safety document. Work had been assessed as a Limited Work Certificate on SAP and SAPR (SAP approved) which enabled toe work order to be printed off before a safety document had been written and safety document number annotated to MWO.,Process Safety,Work being carried out without a relevant safety document.,English,RW_ACTUALS_English.csv,Non-Process Safety
"Whilst carrying out brushgear changing on a running machine, following SAR-COP 15, a full holder of 6 brushes was removed, changed, and re-inserted into the brushgear. The brush holder was noticed to be tight on insertion, which is not uncommon, was removed and found to have a broken brush with part missing. The brush holder was checked by two experienced brush gear nominated CP's before it was returned to the brush box, the person carrying out the work was under training and the close supervision of the two experienced CP's.
The brushbox was then visually inspected by both experienced CP's but the broken off piece could not be found.
The area around the brush gear has also been checked and cleared.
This was Brush B12, it should be noted that the section missing is carbon only.

14/04/2024
Opportunity to visually inspect brush gear off load more thoroughly, no evidence of broken piece anywhere in brush box location, more confident that broken piece is not in brush box.",Process Safety,"Unit 71 Brushgear, possibility of snapped carbon brush dropped into slipring box.",English,RW_ACTUALS_English.csv,Process Safety
"The Security access card reader restricting access to the Permit Office was observed allowing access to all employee passes, instead of restricting it to Senior Appointed Persons (SAP) only.",Asset and Reputation damage/loss,Unrestricted Access to the Permit office,English,RW_ACTUALS_English.csv,Non-Process Safety
Whilst coming out of service MBFP tripped and ESV valve slammed shut,Process Safety,PSO - Unit 3 MBFP Protection Operated,English,RW_ACTUALS_English.csv,Process Safety
Minor damage incurred to pond fines lorry mud guard when reversing. Driver did not see banksman's signals to stop resulting in mud guard coming into contact with pond fines stock.,Safety,Minor damage to pond fines lorry mud guard,English,RW_ACTUALS_English.csv,Process Safety
U8 gen Tx showing signs of gassing. pem 120 exclusion in force,Process Safety,U8 GEN TX,English,RW_ACTUALS_English.csv,Non-Process Safety
During discussions with the Beran working party it became apparent that they had not been set to work correctly. They were working under a `Normal Routine Instruction` but this had not been signed by their Nominated Supervisor. The GSAF was also blank and had not been filled in.,Process Safety,Working Party not set to work correctly.,English,RW_ACTUALS_English.csv,Process Safety
"Uniper IT issues were seen between 06:00 and 06:30 where all networks seem to be be down including SAP/Internet and GENSTAR. These had recovered by 06:30. Then at 07:45 GENSTAR to units 6, 7 and 8 was lost. The centre desk did not seem to be affected. Telephone BOA's were now being taken.",Operational loss,Loss of GENSTAR GPMS and EDL (for record only),English,RW_ACTUALS_English.csv,Process Safety
Individual slipped whilst stepping down from the big borer bed onto the shop floor using the step at the chuck end of the machine.,Safety,NMR - Slip and Trip While Descending from the Large Borer Bed,English,RW_ACTUALS_English.csv,Process Safety
A temporary road crossing was required for a cable. The cable was being protected by two scaffold boards (one either side) which had traffic driving over them meaning the boards were no longer suitable for scaffold purposes. This is unacceptable.,Safety,Scaffold boards used as vehicle cable crossing.,English,RW_ACTUALS_English.csv,Non-Process Safety
"Items left un-used and incorrectly stored were observed. While not immediately hazardous as these are not in a transit route, they are indicative of housekeeping below the expected standard.",Safety,"FGD WWTP - area adj filtrate sump, housekeeping below expected standard",English,RW_ACTUALS_English.csv,Process Safety
Engineering Office fire alarm sounded - false alarm.  Reported in line with Fire Regs.,Safety,Engineering Office Fire Alarm Activated,English,RW_ACTUALS_English.csv,Process Safety
"Compressed Air Dryer Isolation Valve, 3 piece ball valve found with 3 out of 4 retaining bolts missing. Valve was is the closed position and locked off as part of an isolation for routine maintenance. Working party reported the issue after finding a bolt on the floor and confirmed it hadn't been there the day before. Valve inlet vented, valve outlet under service conditions (up to 10bar air). In comparison to equivalent valves on the system the remaining bolt appears non-standard. No process medium leakage had been detected.",Process Safety,"Compressed Air Dryer Isolation Valve, 3 piece ball valve found with 3 out of 4 retaining bolts missing.",English,RW_ACTUALS_English.csv,Process Safety
It was noticed that Murphy contractors' 3 employees were working without any Maintenance order/ safety document.,Safety,Contractors worked without Maintenance order / safety document,English,RW_ACTUALS_English.csv,Process Safety
"on the 18/01/2021 it was noted that the Valve overhauled by Valve contractor and actuator installed in the wrong position, Actuator has two positions no process for stopping this happening again.",Process Safety,Steam Turbine cold reheat non return valve actuator installed incorrectly compromising functionality of valve.,English,RW_ACTUALS_English.csv,Process Safety
"It was reported to site staff that a person was in the car park complaining of severe stomach pains and was observed to be vomiting. The unwell patient condition didn't appear to improve so the decision was taken to call 999. The emergency service respond time was estimated at 2 -7 hours.  Due to the slow response time, the decision was taken by the site staff to transport the patient to hospital by private vehicle.",Safety,Person feeling unwell with Stomach Pain,English,RW_ACTUALS_English.csv,Process Safety
Wall tiles fallen off in Uniper contractor male changing rooms.,Safety,Wall tiles fallen off in Uniper contractor male changing rooms.,English,RW_ACTUALS_English.csv,Process Safety
Steam leak discovered on Unit 1 A side reheat steam chest.,Process Safety,PSO - Steam leak from steam chest cover joint,English,RW_ACTUALS_English.csv,Process Safety
"Due to U3 level 2 being barriered off for a steam leak, the barriers have forced people to take an unusual route around the boiler water cannon pump skid, this highlighted the tripping hazard the framework is causing.",Safety,Boiler water cannon pump skid framework tripping hazard,English,RW_ACTUALS_English.csv,Process Safety
Scaffolder reported a smouldering cable that flashed to the walkway when he touched it.  Investigation found SWA cable supplying the 110V MASDAD units that are located across the 19m level of the HRSG was damaged.  This is a very  hot area and the insulation had burnt off and cable inside had perished leading to bare cables being exposed.,Process Safety,Exposed live cable,English,RW_ACTUALS_English.csv,Process Safety
"During the Feb22 outage, inspection of HP Mainsteam Pipework attachment weld reference -1/03DR identified deterioration of creep effected material resulting in an integrity risk. Repair not immediately possible. Restricted operation before monitor required. Station risk assessment required.",Process Safety,PEM-120 HP Mainsteam pipework attachment -1/03DR integrity risk.,English,RW_ACTUALS_English.csv,Process Safety
Storage area unbarried and unsigned Adjacent to car wash,Safety,Storage area unbarried and unsigned,English,RW_ACTUALS_English.csv,Non-Process Safety
"Minimum standards for plywood scaffold infill boards is 5-ply, 9mm, as trained out in minimum scaffold standards recently. There is a pallet of scaffold infill boards that do not meet this standard outside U1 HRSG currently, presumably intended for outage use. 5mm thick, 3 ply. See attached photograps.",Safety,Scaffold infill boards do not meet minimum standard.,English,RW_ACTUALS_English.csv,Process Safety
"-Altrad fitters working at ACC fan 3.1 cell with opening floor (1.5m) to the service platform without harness as described in job RAMS.
-Hot work assessment controls not followed.",Safety,Working next opening floor without harness and unfollow hot work assessment at ACC Fan 3.1 cell,English,RW_ACTUALS_English.csv,Process Safety
"Now the external Alimak has been removed, the openings that have been left have increased the chance of areas within the Boiler House freezing during the winter months potentially causing an increased risk of individuals slipping.",Safety,Risk of slipping due to openings left around removed Alimak.,English,RW_ACTUALS_English.csv,Process Safety
During an inspection of the GT enclosure a hot air leak was noticed above the North Side MBH30 manway door.  Leak is from MBH30 system so approx. 370 degrees and 17 bar. No impact on local equipment. Access is restricted to the GT enclosure at all times.,Process Safety,GT hot air leak above North side MBH30 manway door.,English,RW_ACTUALS_English.csv,Process Safety
Speedy Lighting Tower found damaged and moved as though it has been hit by a moving vehicle.  See images attached,Safety,Damage to Speedy Lighting Tower,English,RW_ACTUALS_English.csv,Non-Process Safety
"As part of the GT air filter change works, pallets of air filters were being transported from the stores to the point of work. During a WCM task inspection in the afternoon it was noted that the ground appeared as though it had been churned up. It was later confirmed that a wheel on FLT had gone over this area. The FLT was subsequently driven out.",Safety,FLT Driven on to Soft Ground,English,RW_ACTUALS_English.csv,Process Safety
"Environmental kiosk fault tripped the purge valve closed, and pressurised the pipe work to 4.5bar.
water was over flowing the tun-dish in the kiosk due to the pressure in the pipe line.
the initial fault was a Ammonia sample fault, that closed the purge valve.",Process Safety,Environmental kiosk fault.,English,RW_ACTUALS_English.csv,Process Safety
2 contractors were caught smoking inside the OCGT diesel bund on the A site.,Safety,Contractors caught smoking on site,English,RW_ACTUALS_English.csv,Process Safety
U4 MBFP tripped on unit run up when pump speed was increased and mechanical oil pump was unable to deliver adequate oil pressure / flow causing pedestal trip to operate.,Operational loss,Ops Loss - U4 MBFP tripped on unit run up.,English,RW_ACTUALS_English.csv,Process Safety
Principle Contractor CEO and Deputy Project Director on separate safety tour without eye protection,Safety,Safety Walk of ECPC Demolition Site in UAE,English,RW_ACTUALS_English.csv,Process Safety
Ratcliffe WAN connectivity was interrupted during planned work.  The main impact of this was GPMS/EDL and Nisoft being unavailable for approximately 20 minutes.,Information Security,Unexpected interruption to Wide Area Network connection during planned work,English,RW_ACTUALS_English.csv,Process Safety
"	During a Hot start after overnight shutdown for PN two-shift : Hold Point 4 HP4 Start : In Hot start : Hold Point 4 start : Rate of steam generation is lot higher than any colder or warmer starts.
	HP Bypass was sticking at 54% & not fully opening
	It caused the HP steam pressure kept going up 
	HP Bypass was demanding for 100% but it was unable to open more than 54% 
	HP Superheater Outlet pressure reached > 128 bar 
	HP SH Safety valve is designed to lift at 128 bar : It lifted & released the overpressure steam
	Protection circuit tripped the Steam turbine / unit on Max 2 HP Steam Pressure",Process Safety,HRSG HP Superheater Valve lift (A1 investigation for Op Loss cause) for record only,English,RW_ACTUALS_English.csv,Process Safety
no emergency telephone numbers displayed on Fuel Gas preheater compound area and floor slippery,Asset and Reputation damage/loss,FGPH area not displaying emergency telephone numbers,English,RW_ACTUALS_English.csv,Process Safety
Both Mod 1 & Mod 2 had an error on the SLD following a previous Mod and had not been updated. This was found through investigation prior to a future proposed modification. Isolations by the SAP is checked against the drawings and could of led to an error in the isolation or isolation reference.,Process Safety,Error on Electrical Distribution Drawing,English,RW_ACTUALS_English.csv,Process Safety
Altrad employee report he had found a light shade with the glass smashed on the ground adjacent to unit 3 D PA fan.,Safety,High bay light shade fell to ground adjacent to 3D PA fan,English,RW_ACTUALS_English.csv,Process Safety
Concrete trench cover broken outside main workshop on pedestrian route which is a significant trip hazard. (photos attached),Safety,Concrete trench cover broken outside main workshop,English,RW_ACTUALS_English.csv,Process Safety
"during the high winds one of the lamp posts on the CDC approach road left hand side of the road has blown over and is resting on the security fence pillar post .
Close observation shows that the lamppost is severely corroded at the base",Process Safety,Blown over lamp post,English,RW_ACTUALS_English.csv,Process Safety
Farmer's contractor was clearing out Puddinglake Brook north of H401 using a 360 digger near our services (clearly displayed marker posts),Process Safety,Ditch clearance near services,English,RW_ACTUALS_English.csv,Process Safety
"During fire alarm testing it was noticed that the fire panel sounder in the CCR was not working, but the lights and external sounders were ok.",Asset and Reputation damage/loss,CCR Fire Panel Sounder not working,English,RW_ACTUALS_English.csv,Process Safety
Several issues identified in housekeeping inspection (16/02/22),Safety,General Housekeeping Issues,English,RW_ACTUALS_English.csv,Non-Process Safety
It was initially not recognised whilst trevitesting that the isolation valves were closed whilst carrying out the test thus not giving a reading. These valves are to be identified and entered into the LMI when carrying out these tests to open the isolators to allow a process flow.,Process Safety,Safety valve isolated whilst Trevitesting,English,RW_ACTUALS_English.csv,Process Safety
"Shift team received a radio message from Kaefer at approx. 15:00 11/10/21 reporting a very high level in WTP Effluent Tanks bund. Shift team immediately investigated and confirmed high level. No evidence to suggest the leak had breached the bund and no evidence of any release to ground. Effluent systems made unavailable and pumps electrically isolated. Area was then barriered off to restrict access. Potential leak source from flanged joint on 09SDATK080 identified, tank level  below level this joint at time of issue and leakage had stopped . Contents of bund sampled and were approx. 11pH. 09SXSUV001 and 002 closed as a precaution. Shift Team called Veolia Emergency response to arrange for tanker to empty bund contents. Shift team continuously monitored bund level using CCR cameras and carried out regular inspections of location to ensure no increase in level or leakage from bund until Ancorra attended site 10:30 12/10/21 to empty bund contents. Bund emptied of contents by 14:00 12/10/21.",Process Safety,WTP Effluent Tank Leak in to Bund.,English,RW_ACTUALS_English.csv,Process Safety
"Over the weekend with the change in environmental conditions (temperature change from cold to warm) there has been significant condensation within the top dead space which has combined with the dust to create a slippy surface on the floors, walls and pipework. This has resulted in areas that did not pose a slipping hazard now being a hazard.",Safety,Top Dead Space: Slippery surfaces from environmental changes,English,RW_ACTUALS_English.csv,Process Safety
On U3 Gland steam condenser platform a floor grating kick plate section was found detached and laid across the floor grating. This kick plate could have fell in to the condenser pit below.,Safety,Kick plate detached and laid on grating,English,RW_ACTUALS_English.csv,Process Safety
"MEL reduced on U2 to 400MW from 08:30hrs to 15:00hrs due to C, D & E coal feeders tripping/blocked.",Process Safety,Ops loss - U2 MEL reduced to 400MW due to tripping/blocked coal feeders on unit RTS,English,RW_ACTUALS_English.csv,Process Safety
Neighbours at Heron Mead notified site performance engineer of a noise that appeared to originating from Enfield Power Station.,Environment,Noise complaint to Enfield Power Station,English,RW_ACTUALS_English.csv,Process Safety
Whilst lifting a drill up to a scaffold platform the drill became detached and fell into 1B Cooling Tower. Scaffold platform located at the base of the tower approximately 30ft high. Item fell into restricted area.,Safety,Dropped item from height,English,RW_ACTUALS_English.csv,Process Safety
"It was observed that the TV bracket holding the 55"""" TV in the hawthorn the wall plugs were pulling out the wall and risk of falling.",Safety,TV Bracket pulling out the wall,English,RW_ACTUALS_English.csv,Non-Process Safety
"The hand dryer in the men's bathroom in the Technology Center East Building top floor has an isolating switch below it. Water from use of the hand dryer is deflected onto the casing of the switch. The hand dryer remains operational when the isolator is in the switched off position, leading to the risk of maintenance being undertaken when the item is not isolated.",Safety,Electrical isolator for hand dryer does not isolate the device and subject to potential water ingress.,English,RW_ACTUALS_English.csv,Process Safety
Safety Harness product safety notice issued by OEM. Survey of team equipment has found 1 harness in batch identified by OEM and subsequently quarantined.,Safety,Product Safety Recall - Safety Harnesses,English,RW_ACTUALS_English.csv,Non-Process Safety
"During the run up on the 25th LP drum lowering isolating valve 10HAD80AA001 would not open past 4%, efforts made to open the valve but it would not move. This caused a delay to the sync time of 30 minutes. LP drum had to be lowered through the blowdown line which takes much longer. 2-shift on the morning of 26th the valve opened as normal.",Operational loss,LP drum lowering valve would not open,English,RW_ACTUALS_English.csv,Process Safety
A cart was left outside the fire exit of the library in the technology centre,Process Safety,Fire exit obstruction,English,RW_ACTUALS_English.csv,Process Safety
Team was alerted to an adverse result detected - Action level 1 of samples taken during routine water sampling of the site systems. This led to the corrective action being taken in line with the site risk assessment,Safety,Adverse result detected during routine water sampling of Site Water systems,English,RW_ACTUALS_English.csv,Process Safety
An excavation was being completed to expose electrical cables as part of the decommissioning works. On inspection there were aspects of the excavation which could be improved such as the access into the excavation and the angle of response for the battering and stepping.,Safety,Excavation works,English,RW_ACTUALS_English.csv,Process Safety
"There is a potential for injury to fingers due to entrapment between the handrail on the 27m level and the fixed structure when the wind speed is high enough to cause movement of the stack.
The attached photo shows where the hand rail strikes the fixed structure.
SAP Notification 21430611",Safety,Stack 27m level - Potential for hand or finger injury U61,English,RW_ACTUALS_English.csv,Process Safety
Check Location Tags fixed to items but not complete (filled out) or removed when work is complete. Risk of misleading contract staff into working on incorrect plant.,Safety,Check Location Tags being misused,English,RW_ACTUALS_English.csv,Process Safety
While driving back from the cooling towers we observed one of our site contractors using his mobile phone while driving.,Safety,Person observed using mobile phone while driving,English,RW_ACTUALS_English.csv,Process Safety
"On the committed work program for Friday (1st March), there was a request to isolate both the Anion & Cation on Stream 1.  Stream 1 has not been in service for many years and the request was to unbox the vessels and pump out the resin in preparation for decommissioning the stream.  Stream 1 has sat isolated for at least 10 years.  Overnight the keys were retrieved from the CPO's key safe and all the isolation points were checked, and the old E-on caution labels were replaced with Uniper labels.  As the vessels had been isolated for so long, and there is no external indication of level, it was an unknown as to the level within the vessels.  The Anion and Cation drains to the effluent sump were opened, and a flow was heard immediately.  Also the tell tale drains and vents to atmosphere were opened.  I would estimate that the vessels were at least half full prior to starting draining.  As the vessels were draining there was a pungent smell noted,  we remained in the WTP as the vessels drained and continued to apply further isolations to the acid & caustic dilution tanks in preparation for future de-commissioning.  The smell appeared to us to dissipate fairly quickly, so once the vessels were fully drained, the drain valves were locked shut to complete the isolation.  We returned to the Permit office to prepare the PFW.  When passing through the control room there was several comments made about a foul strong smell, and it was quickly realised it was emanating from our skin, overalls and clothing.  I returned to the WTP to assess the odour, and on re-entering the WTP the smell was extremely strong.  But again within a few minutes I became accustomed to the smell. 

Due to the pungency of the odour, I stated (in the further precautions on the PFW) that a selected person should attend the unboxing of the vessels and carry out an atmosphere check prior to starting work.

I understand that prior to the unboxing, discussions between the selected person and duty control person resulted in the PFW being withdrawn until the source of the smell could be identified, and to ascertain if it was in anyway harmful to health.  I was asked to input a Synergy tonight (2nd March).",,Main Water Treatment Plant Stream 1 Cation & Anion.,English,RW_ACTUALS_English.csv,Process Safety
"Morning of Tuesday 3rd of December low water pressure from towns was noted on onsite. It was then discovered that the Red Hill Tank level was 0% (Should be maintained at 75%, 200,000 gallon Tank). The tank level should have alarmed, however it was found that the alarm had been shelved and so no defect had been raised for the faulty inlet valve to the tank despite the levels dropping over a number of a days.  Supply was restored and tank level recovered over next couple of days. Total loss of water would have impacted day to day business as no sanitation would have been available.",Operational loss,Towns Water Supply Loss,English,RW_ACTUALS_English.csv,Process Safety
"During replacement of floor gratings, it was observed that not all individuals in the working party were wearing harnesses. The job was stopped and the working party stood down.",Safety,Replacement of floor gratings,English,RW_ACTUALS_English.csv,Non-Process Safety
A contractor personnel was observed carrying out insulation/lagging activities with the tips of his hand gloves cut-off to enhance dexterity.,,PPE (Hand Gloves) Modification,English,RW_ACTUALS_English.csv,Process Safety
"Dosing pump 2 required isolation for maintenance work. To prepare for isolation the SAP open the demin supply valve in preparation for flushing the pump. It was at this point they noticed the pump was already electrically isolated so before flushing the pump the SAP went back to the permit office to find where the safety keys were being held. On return to the Ammonia room, the SAP could smell a strong smell of Ammonia and looking into the room saw that the tank was overflowing into the bund.",Process Safety,U7 Ammonia Storage Tank Overflowed into Bund,English,RW_ACTUALS_English.csv,Process Safety
Safety Leadership Tour was completed within a number of areas and findings attached.,Safety,Safety Leadership Tour,English,RW_ACTUALS_English.csv,Process Safety
"Water jetting equipment used during dewatering activity was found to have cracked chain link. On more detailed inspection, it became apparent that a whole link was also missing. During interview  of competent person, he advised that he was following instructions by dewatering sub-contractor on method. Uniper was not informed as the equipment was no longer needed.",Safety,During Plant Area Inspection Lifting equipment in laydown area found to have damaged link,English,RW_ACTUALS_English.csv,Process Safety
While traveling back home from Blackburn Meadows Power Station an car hit my car while stationary causing damage to rear of vehicle. Car is still drivable,Operational loss,Motor vehicle - rear shunt,English,RW_ACTUALS_English.csv,Non-Process Safety
"Unit 1 thrust bearing temperature rose and the IP cylinder expansion alarm was received - an orange glow was noted on the unit camera - AUO dispatched and confirmed that a small fire has started.
Shift Fire Team was called and the fire was extinguished.
Turbine Team informed.",Operational loss,Ops Loss - U1 Turbine Fire on steam turbine No. 2 bearing.,English,RW_ACTUALS_English.csv,Process Safety
Handrail found defective on U1/2 damper access staircase near U1 outlet damper. Defect found to be taped up. Area immediately cautioned off and hard scaffold barrier requested.,Safety,U1/2 FGD Damper Handrail,English,RW_ACTUALS_English.csv,Process Safety
The lock retaining bar to the Personally Retained Document Safe Custody Box located adjacent to the workshop card safes was found damaged and lying in the bottom of the Safe Custody Box. Not able to attain the cause and time of the damage at this moment.,Safety,Personally Retained Document Safe Custody Box Lock Damage,English,RW_ACTUALS_English.csv,Non-Process Safety
AC90 lubricating oil drums  (hazardous waste) found in main workshop scrap metal skip,Safety,Lubricating Oil Drums Placed in Scrap Metal Skip,English,RW_ACTUALS_English.csv,Process Safety
"At 10:15hrs National grid called to query our EDL connection, as they sent 2 BOAI instructions through, that was accepted and we did not follow.
during the phone conversation they sent through a test MN instruction which was not received but was accepted at there end.

Genstar was reset and another test MN instruction was sent and received.

Update P.Clifton / P. Palfreyman 

Following a call from NGT we were informed of the missed BOAI times these times are as follows: 
BOAI NO. 54639636, 21:30hrs 374MW - 21:31hrs 379MW - 21:51hrs 379MW - 21:52hrs 374MW. 
BOAI NO. 55109637 21:46hrs 374MW - 21:47hrs 379MW - 22:02hrs 379MW - 22:03hrs 374MW 

The caller indicated that we may wish to put the above information into Genstar, this information has not been added to Genstar at this time. A call was made to Genstar helpline (Toby Scondling) requesting an investigation into the above issue, Toby indicated that there was nothing showing in terms of a reply from CDCL Genstar, he stated that he could see an instruction from NGT but could not see any acceptance of this instruction.",Operational loss,Genstar issues,English,RW_ACTUALS_English.csv,Process Safety
"During plant start-up, Gas Turbine compressor blow off valve 10MBA41AA051 failed to close on command causing GT controller to protection shut down the Gas Turbine. On investigation, solenoid coil pack had come adrift. The securing nut was found to be missing. The nut is component specific (non generic). A temporary repair was affected to secure the coil pack and the Gas Turbine returned to service.",Process Safety,GT Blow-off valve failed to operate,English,RW_ACTUALS_English.csv,Process Safety
"Report of a smell in the Water Treatment Plant. On investigation it was found that there was a leak from a flange causing HCl to be dripping in to the plant bund. The leak was isolated. The Area was barriered off, ventilated and the HCl liquid washed down into the plant bunded area.",Process Safety,HCl leak in Water Treatment Plant,English,RW_ACTUALS_English.csv,Process Safety
"Noticed that the brick guards around the U2 Steam Turbine mezzanine don't extend down to the kick plates, leaving a large gap at where there is the greatest risk of something being knocked through. See photograph.",Safety,Insufficient depth brick guards,English,RW_ACTUALS_English.csv,Non-Process Safety
"Whilst setting up for purge and isolation of Ammonia unloading skid 'A' there was a release of liquid ammonia at the 'claw' coupling; the gas detectors initiated the deluge system, nobody was injured and the system was subsequently set up to drain and vent",Process Safety,PSNH - Ammonia leak from unloading skid 'A',English,RW_ACTUALS_English.csv,Process Safety
"The fire door located at the bottom of the stairwell had the electronic locking mechanism fail for the second time. This created both a fire safety risk and a security risk.
The door was initially pinned back as the locking mechanism failed causing the door not to open every time it was used. After discussions the door was shut and the locking mechanism eventually failed closed, causing the door not to open. At this point the engineer in charge removed the electronic lock. This now leaves a security risk whilst the door is in this state, however this is an internal door and the risk is manageable.
Notification for the electronic door lock has gone into the system, #21476812",Asset and Reputation damage/loss,Fire door electronic locking mechanism failure,English,RW_ACTUALS_English.csv,Process Safety
"While electrical technician was screwing in (installing) a replacement isolator on the fire panel in admin building, one of securing pins made contact and damaged the insulation of FP200 cable (neutral cable) of the isolator without the technician’s knowledge. When technician finished and closed the circuit to test the newly installed isolator, this caused the full UPS local distribution board to trip; leading to loss of power on the UPS,  loss of power on some DCS display screens and loss of internet connectivity onsite.",Operational loss,Unexpected UPS Distribution Board Trip,English,RW_ACTUALS_English.csv,Process Safety
"A contractor was observed with a battery powered jet-washer outside the North Entrance of the E&I building. The equipment, which is not interictally safe, was not assessed as part of the RAMS and issued safety document.",Safety,Intention to use Unauthorized Equipment ( battery powered jet-washer),English,RW_ACTUALS_English.csv,Process Safety
A large quantity of glowing PF build up was found at the bottom of U3 ‘A’ side down comers. The PF was found glowing and would have almost certainly ignited.,Process Safety,PSO: Large quantity of glowing PF build up found.,English,RW_ACTUALS_English.csv,Process Safety
"CDAS stack emissions stopped recording on the centre desk display around 21:40hrs however CEMS is still working ok on the unit desks and the data seems to be reporting ok in the 10' level. Env TL and C&I TL contacted and messages left.
C&I TL confirmed issue is with CDAS link and will be rebooted Saturday am",Process Safety,PSO - CDAS stack emissions stopped recording on the centre desk display around 21:40hrs,English,RW_ACTUALS_English.csv,Process Safety
"There has been an Incident at Audorf in Northern Germany that operates a peaking plant which has Avon Gas Generators. They have had a failure with some material from the LP Turbine not contained by the double wall casing.
Awaiting RCA of failure - Temporary Mitigation put in place PEM120",Safety,PEM120 Restriction to OCGT Turbine Hall - Failure of LP Turbine Blade on Avon Engine at Audorf in Northern Germany,English,RW_ACTUALS_English.csv,Process Safety
"While attempting to start Regen Unit 20 (QCA20), the cooling air control valve (QCA20AA116) became stuck closed, resulting in a trip of QCA20ZT003 as it exceeded the High trip level of 1100 degrees Celsius.",Process Safety,Regen Unit QCA20 trip - Valve QCA20AA116 failure to operate normally,English,RW_ACTUALS_English.csv,Process Safety
Individual during egress from top dead space area with restricted access to thermocouple location lost footing and fell backwards on to shoulder.,Safety,U4 Boiler Top Dead Space Thermocouple Access,English,RW_ACTUALS_English.csv,Process Safety
Operative was observed working adjacent open edge without being clipped on to platform.,Safety,Operative observed working at height without being clipped on,English,RW_ACTUALS_English.csv,Non-Process Safety
"Water is leaking from the drains manifold insulation to the blowdown vessel connection.
Defect 21552219 - PEM 120 applied",Process Safety,PEM120 - Drains manifold to the blowdown vessel water leak,English,RW_ACTUALS_English.csv,Process Safety
During the swap over from the 132kV to 11kV systems AC power was lost to the Seal Oil pumps briefly and the DC Seal Oil Pump should have started automatically but it didn't. Pump was given a manual on command and it started ok. Very small change in Seal Oil differential pressure and frame pressure changed from 5.464 to 5.417bar so a small amount of hydrogen was lost from the seals.,Process Safety,Emergency DC Seal Oil Pump failed to start on board changeover,English,RW_ACTUALS_English.csv,Process Safety
"Prior to issuing MOC for Turbine Drains receiver inspections, the supervisor checked the PFW (card safe document with outage Work Attachment List) reference with the isolation code reference on the MOC. The isolation code referred to an incorrect PFW (PFW related to the correct functional location but did not cover the desired scope of work). 

The engineer responsible referred this observation to the outage planner/SAP and the isolation code was removed prior to issuing of the MOC. 

Reported to share learning and review where similar activities may have the same issue.",Safety,Incorrect PFW stated on MOC,English,RW_ACTUALS_English.csv,Process Safety
"U4 A & B Mill outlet temps increased rapidly due to loss of coal feed. Bunker levels observed as very low and blowing back and mill taken o/s.
Load dropped to 400MW from 07.45 to 08.45 whilst bunkers were filled.",Process Safety,Operational Loss - Low bunker levels causing blow back and loss of generation,English,RW_ACTUALS_English.csv,Process Safety
Smoke was reported coming from U3 HP Turbine No 2/3 bearing. On investigation the lagging on the under side of the HP turbine was found to be on fire within the lagging/insulation cover. Extinguishers were used to put out the fire from the under side and also close to No 2 bearing. The issue seems to be in the vicinity of No 2 bearing. Access is very difficult to this area as it is directly under the HP turbine.,Process Safety,PSNH - U3 HP Turbine bearing No 2 fire,English,RW_ACTUALS_English.csv,Process Safety
"During the electrical works conducted on weekend of 15th/16th Feb the supplies to the oil store were isolated.  The mulsifyre system was still live and the loss of supplies to the store included loss to the mulsifyre compressor which primes the air sensing lines.  When the pressure in the lines dropped the fire system was discharged in the oil storage area.  This deluge caused damage to several boxes of grease cartridges and also allowed oil drip trays to overflow.  The contents of which went down the station drains.

Oily water also proceeded to pass through to the office area and into the switchroom and down a cable tunnel.

This was not discovered properly until Tuesday 18th Feb as the Altrad oil supervisor was working in the main stores on Monday 17th Feb and didn't go in to the oil stores.  Legacy issues with the fire alarm system prevented the Operation teams from identifying where the mulsifyre system had been discharged and led them to believe there was a significant leak.",Asset and Reputation damage/loss,Oil store flooding due to Mulsifyre system discharge,English,RW_ACTUALS_English.csv,Process Safety
IP went on to plant during the cold weather with snow and ice on ground to try and unblock equalisation valves on each of the compressors; EKH10AA105 and 106. Fell over on black ice underneath the aftercoolers.,Safety,Slip on black ice,English,RW_ACTUALS_English.csv,Process Safety
"Unit 2 came off load at 22:28 the MBFP was shut down in accordance with the revised procedure. At 01:17 the MBFP tripped off barring and would not initially hand barr. The bottom belt temperature had dropped to 121oC  some 200oC below the top belt temperature. Hand barring was commenced as the turbine would allow . The condenser was pumped out and upside down drains opened which returned the bottom belt temp to 216 at 03:18. Further problems were encountered with the barring motor and gearbox , eventually the MBFP was back on barring at 05:00.",Process Safety,Operational Loss - Unit 2 MBFP tripped off barring and seized.,English,RW_ACTUALS_English.csv,Process Safety
"During plant walk about, we observed a redundant piece of pipework being moved around by the wind.",Process Safety,U2 Redundant Gas Vent pipework,English,RW_ACTUALS_English.csv,Process Safety
"Cold reheat Safety valves lifted during to a GT PLST,",Process Safety,Unit 8 Safety Valves lifted during a GT PLST,English,RW_ACTUALS_English.csv,Process Safety
"While cleaning down structure with a hand brush a small amount of accumulated airborne dust entered their right eye and caused slight irritation.
Eye was immediately washed with eyewash from Station No26 in Limestone store.  IP no longer has irritation and there is no reddening to eye.",Safety,Operative sustained dust in eye during cleaning activities,English,RW_ACTUALS_English.csv,Non-Process Safety
"When taking U6 off load the HP bypass spray wasn't controlling properly causing high after bypass temperatures and tripping the HP Bypass.This is a known issue so we were expecting this to happen. Due to the Bypass trip the HP header pressure rises as the steam has nowhere to go. When the bypass was reset it was noticed that the process value on the HP bypass was struggling to meet the set point and was lagging behind quite a bit. This caused the HP header to rise significantly and the safety valves lifted. At this point the unit was off load but it was noticed that the GT EV burners were still lit adding to the high steam pressure situation. We tried to put an 'OFF' on the GT sequencer but this didn't work so we used the emergency trip button located on the unit desk. Once the flames were out the pressure started to subside but the HP bypass was still clearly not controlling as it should.Due to the significance off the HP bypass the unit was MEL'd to 0MW until 12:00 01/10/24
There are x3 issues here:
1. HP Bypass spray water control not controlling well enough to stop the HP Bypass tripping on high temperatures
2. Hp Bypass process value not following the set point as it should.
3. The GT not shutting down correctly and taking the flames out when the Circuit breaker was opened.",Operational loss,U6 HP Bypass failed to operate correctly and boiler safety valves operated,English,RW_ACTUALS_English.csv,Process Safety
"Zonal Fire Alarm received in the 'Heavy good stores lean to'
Members of the Contracting team that heard the zonal Fire alarm proceeded to the 'Muster Point'
After gaining access to the ' Lean to' via the key tracker system is was determined that there was no cause for concern and the detector in question was in fault. 
the decision was made not to carryout a full site evacuation.
The Incident Controller then went to the Muster point until the Shift Team disabled the faulty device.
Upon disablement the confirmation was given to the Incident Controller and the Contractors and Staff at the Muster Point were debriefed and stood down",Asset and Reputation damage/loss,Zonal Fire Alarm received in CCR at CQ for smoke detector in the 'Heavy good stores Lean to',English,RW_ACTUALS_English.csv,Process Safety
"As part of the return to service of the unit after outage, the gas system was being recommissioned, during the process gas alarms were received within the DLN2.6 enclosure.",Process Safety,Unit 3 Gas leak in DLN2.6 Enclosure,English,RW_ACTUALS_English.csv,Process Safety
"During a walk round of the GT Hall, it was noticed that there are 2 ceiling tiles that have been damaged and have the potential to fall.",Safety,Loose acoustic ceiling tiles above GT 22,English,RW_ACTUALS_English.csv,Process Safety
"Main workshop housekeeping inspection identified removed pipework with plant isolation """"do not touch"""" tags still attached",Safety,Removed pipework with isolation tags in workshop,English,RW_ACTUALS_English.csv,Process Safety
"Multiple failures of 6mm black plastic air tube in the WTP at Grain have occurred, it appears that the pipe has turned brittle and holes, some pin hole but have been found to be splits, are randomly occurring in multiple locations across the whole of the water treatment plant.
Complete failure of these tubes could leak to air ejection or failure of plant to operate.",Process Safety,Multiple failures of 6mm black plastic air tube,English,RW_ACTUALS_English.csv,Process Safety
Gas leak discovered on final chance filter.,Process Safety,Gas leak found on Final Chance Filter,English,RW_ACTUALS_English.csv,Process Safety
valve leaking from gland packing on stem GRA-81-LAE-51-AA0017. PEM 120 barriers in place on north side,Process Safety,U8 ISDSH VALVE STEAM LEAK - PEM 120 EXCLUSION ZONE,English,RW_ACTUALS_English.csv,Process Safety
The control room emergency landline phone was observed radiating heat making it too hot to touch.,Asset and Reputation damage/loss,Landline Phone Hot to Touch,English,RW_ACTUALS_English.csv,Process Safety
"Outage SAP was performing pre-checks prior to de-isolating the UGX process water system. During the checks the SAP noticed two flow switches had been installed in to a process water pipe.
The individual carrying out the task had signed on to an LWC and installed the flow switches. 
The LWC did not cover the work for the task being undertaken.",Process Safety,Flow switch fitted with incorrect permit,English,RW_ACTUALS_English.csv,Process Safety
"A piece of stack cladding fell to grade from an unknown location. 
No one was in the near vicinity at the time and a visual inspection was undertaken immediately afterwards. 
A full walkdown of the area will again take place on Monday morning on 26 Sept.",Safety,Loose cladding falling from Unit 7 stack area.,English,RW_ACTUALS_English.csv,Process Safety
Emergency exit from lube oil enclosure blocked. Clear signage to warn people to keep access clear being ignored.,Safety,Emergency exit from lube oil enclosure blocked externally by mobile work platform.,English,RW_ACTUALS_English.csv,Non-Process Safety
Whilst using the HY-Torq equipment to remove the casing nuts the stud that the equipment was working against sheared. On further inspection the stud looked to have been cracked/defective for some time as signs of corrosion were present. The system operates at around 320 degrees 120 bar.,Process Safety,Bolt Sheared on HP Circ Pump Casing,English,RW_ACTUALS_English.csv,Process Safety
"Part of the Uniper/EdF disentanglement project works and under the juristiction of EdF's contractor Trant Engineering. 
A kiosk building was transported from Wales to CDC  to be offloaded using the vehicle Hiab. As the lift started the Hiab overload alarm sounded. The lift was stopped, the kiosk secured back to the vehicle and the vehicle taken off site.",Safety,Unable to offload kiosk building via Hiab,English,RW_ACTUALS_English.csv,Process Safety
"During Safety Walk it was noted the crane tags were out of date, suggesting the cranes were out of statutory compliance.

The cranes are being used regularly hence this control has failed to stop people using crane. Cranes have been verified to be in compliance and tags not updated.",Safety,Crane controller locker tags indicate overhead cranes out of statutory compliance - next examination date shown as 21/08/2021,English,RW_ACTUALS_English.csv,Process Safety
A dry dust tanker arriving to collect dust from Silos 4/5 made contact with the B1 loading chute gantry whilst driving underneath the loading chute. Minor damage to plant sustained. No injuries.,Safety,Dry tanker contacted B1 loading chute gantry,English,RW_ACTUALS_English.csv,Process Safety
Electrical work was carried out on the UV filter using the MO operation line for the mechanical work. The UV filter was fully isolated at the time.,Process Safety,Work carried out under incorrect MO operation line,English,RW_ACTUALS_English.csv,Process Safety
Scaffold barrier located in U1/2 turbine loading bay found damaged.  Impact was not reported at time of incident.,Safety,Scaffold barrier damaged,English,RW_ACTUALS_English.csv,Process Safety
"Aluminum platform used for Air intake manifold has cracks on welded joints. Work stopped, scaffold supports erected to secure platform to allow work to continue. On removal, platform to be quarantined and sent away for repair.",Process Safety,Cracked weld on Air intake manifold access platform,English,RW_ACTUALS_English.csv,Process Safety
Whilst transporting arial work platform at precip lift no.1 ground level it became unstable and toppled over. As the portable push along platform fell over it made contact with operatives safety helmet.  Due to a pre existing medical condition the operative decided to seek further medical assessment.,Safety,Portable push along work platform toppled over on uneven ground.,English,RW_ACTUALS_English.csv,Process Safety
Poor condition of pipe insulation prompted work to stop and check carried out on material type and remedial work to insulation was arranged.,Safety,Poor condition of pipe insulation,English,RW_ACTUALS_English.csv,Process Safety
"The CO2 tank has been boxed up (manway door replaced), before we box up we always have a heater installed right up to the point the door goes on and tank recharged. However the tank has not been charged with CO2, and the door has been on for several days, there could be potential due to the fluctuation in ambient temperatures for condensate to form in the small bore instrumentation and when the tank is charged with CO2 then the condensate may freeze compromising the instrumentation",Process Safety,Unit 1 CO2 tank potential for instrumentation to freeze,English,RW_ACTUALS_English.csv,Process Safety
It was reported a roof fan cowling had detached from the water treatment plant following high winds. The cowling had fallen approx 10 meters.,Process Safety,WTP Roof Cowling detached and blown onto Chemical loading area,English,RW_ACTUALS_English.csv,Process Safety
"During a Joint Safety inspection of the outage compound it was noted that the Uniper outage cabin T5 has a damaged fused spur supplying a heater, and the consumer units in all floors are found that the inspections are overdue.",Safety,heater fused spur damaged and consumer unit inspection out of date,English,RW_ACTUALS_English.csv,Process Safety
"Whilst setting up to carry out pond fines shredding, minor damage was spotted on the mobile shredder - a small dent on a panel. Cause is currently unclear, suspected to have occurred during pond fines shredding activities.",Safety,Minor damage on mobile shredder observed,English,RW_ACTUALS_English.csv,Non-Process Safety
"Loss of Milling plant on Unit 2. 'A' PA fan Motor U/S (long Term), 'C' Mill Lub Oil pump tripping(12/01/2022), 'E' Feeder Tripping due to chain damage (12/01/2022). This has led to a load reduction to 400Mw until 12:00hrs 13/01/2022.",Process Safety,Operational Loss - Loss of Milling plant on Unit 2,English,RW_ACTUALS_English.csv,Process Safety
Work area barriers outside admin building (for electrical charging point installation) blown around by strong winds,Safety,Work area barriers outside admin building blown around by wind,English,RW_ACTUALS_English.csv,Process Safety
An open vessel with a permit to work in force was found with one of the isolation valves removed and was placed on the gantry floor with padlock and caution notice attached.,Process Safety,Valve used as isolation point on a Permit for work removed as part of work.,English,RW_ACTUALS_English.csv,Process Safety
The panoramic mirror used to support traffic flow at the South end of site has been found damaged from a suspected impact/collision.,Asset and Reputation damage/loss,Panoramic traffic mirror damaged,English,RW_ACTUALS_English.csv,Process Safety
HV switching operations were carried out in the incorrect sequence on U2.,Safety,Unit 2 HV Switching Operation,English,RW_ACTUALS_English.csv,Process Safety
"During routine safety walkout a poor state of housekeeping was observed around the laydown area and contractor village including
- untidy waste laydown areas
- IBC's not fit for use with deteriorating cages and some with unknown substance",Safety,Untidy waste laydown area and IBC's not fit for use,English,RW_ACTUALS_English.csv,Process Safety
"Gas detector checks in C10 – identified that installation cap was still on, likely for the last 5 years.  Thereafter found one other in C20.  Test point injection point not affected by cap.",Process Safety,"Gas detector installation cap left on, potential to compromise operation",English,RW_ACTUALS_English.csv,Process Safety
Working party member caught their forehead on the heat exchanger body during maintenance on U1 HP4 heater. IP sustained a minor graze.,Safety,Working party member caught forehead during heat exchanger maintenance,English,RW_ACTUALS_English.csv,Process Safety
"Whilst ascending the stairway from the HP Bypass area noticed an Ansaldo operative positioned between the Steam Turbine casings straddled over the shaft coupling, whilst briefly trying to work out the access to this point of work the operative stood up and left the area via an unsafe route.
Using scaffold transoms as footings and stepping off onto the Steam Turbine enclosure base.
My immediate action was to make my way to the area to challenge the individual, en route noticed the Ansaldo Safety advisor, I informed the advisor of my observation and requested that he joined me.
The individual was ushered away from the area along with an interpreter to discuss the issue.
I briefly discussed improvement options with a supervisor to ensure safe access to and from this point of work with improvements for a clipping on point.

I then discussed the unsafe act with the individual via an interpreter, it was agreed that this route was unsafe.

Ansaldo Safety Advisor instructed the individual to return to the office to liaise with the Ansaldo Safety Manager.",Safety,Steam Turbine Clambering U61 Outage,English,RW_ACTUALS_English.csv,Process Safety
The fire deluge valves were being tested at Enfield and 5 of the 6 had been completed. The final test was on the GT aux deluge which was activated as planned by the contractor with the discharge valve shut. When it activated the contractor noticed the Main and Station Services transformer deluges activated as well. The contractor instantly closed their discharge valves. The contractor confirmed with the CCR that they shouldn't have activated and local investigation showed no water in the main transformer bund and some water on the floor of the services transformer but the transformer itself and cabling was dry.  Work was stopped to investigate why these two deluges had activated.,Process Safety,Deluge activation during testing,English,RW_ACTUALS_English.csv,Process Safety
It appears tramp metal is becoming quite excessive across the mill groups and now more amounts are showing up down the mill bay.,Process Safety,Op Loss - Tramp metal becoming excessive across mill groups.,English,RW_ACTUALS_English.csv,Process Safety
"Steam turbine PEM120 barriers had been moved for access and not returned to the correct position. This was discovered at 4PM so the working party responsible had left site, leaving free access into the PEM120 restricted area.",,PEM120 barriers moved.,English,RW_ACTUALS_English.csv,Process Safety
Unable to close Station Interconnector VCB.,Process Safety,PSO - Unit 2-V Switchboard,English,RW_ACTUALS_English.csv,Process Safety
Contractor was cleaning floor in between unit lab and oil tank while she was cleaning the floor the IP tuned turned around did not notice the fire valve spindle and bumped head. She was wearing a hard hat and the spindle was padded and marked.,Safety,bumped head on fire valve,English,RW_ACTUALS_English.csv,Process Safety
"Delivery driver not wearing appropriate PPE - slip on shoes (Crocs)
Delivery driver climbing up side and back of lorry
See attached Golden hour",Safety,Delivery Driver not following site practices,English,RW_ACTUALS_English.csv,Non-Process Safety
Large I beams left in walkway with potential of tripping over them between U2 and U3.,Safety,Poor housekeeping,English,RW_ACTUALS_English.csv,Process Safety
"On unit 3 run-up A1 Re-heater Intercept valve tripped and went undetected. The unit was synchronised and proceeded to load up, at approx. 440MW Hot Re-heater safety valve 166 lifted as a result of the intercept valve being tripped. Although the HP exhaust pressure was only 40 bar, indicating the safety valve had lifted “light” (there are also 4 other R/htr safety valves passing on this unit).
The unit load was reduced to 230MW initially thus reducing R/htr pressure and enable a gag to be installed, unsuccessful the load had to be reduced further to 20MW allowing successful fitting of the gag. Unit load was then returned back to full capacity. 
The problem of the tripping intercept valves on fast (5 minute) run-ups has been highlighted several times in the past and a previous OIT raised. Also, the turbine valve tripping isn’t highlighted significantly enough, meaning operators can miss this crucial problem.",Process Safety,PSNH  - U3 re-heater Intercept valve tripping leading to r/htr safety valve 166 to lift.,English,RW_ACTUALS_English.csv,Process Safety
"A Defib box was to be installed on the outside of the station switch house, requiring it to be connected into a distribution board in the station switch house cable way that had a spare fuse carrier available. 
That morning the SAP asked the Electrical Supervisor to show him said distribution board so he could clearly identify the point of isolation he was going to use.  The fuse carrier to be used was identified (the fuse holder+fuse was missing so the SAP didnt have to remove it). The plan was to connect into the outgoing side of the fuse carrier so the SAP physically covered the live side of the fuse carrier with a caution card and protected the area with caution tape. 
When the document was cancelled the CP informed the SAP that what was thought to be the outgoing side was in actual fact the live side which he discovered when he tested for dead. At this point instead of returning to the SAP the CP removed the isolation and connected into the true outgoing side of the fuse carrier and completed the job.",Process Safety,"Point of isolation interfered without consultation with SAP.
RB 26/07 - Case extended to 21/08 due to tech detail required for completion.",English,RW_ACTUALS_English.csv,Process Safety
Loss of fire detection to relay room & cable tunnels with no alarm to centre desk.,Process Safety,Vesda fire detection panel out of services,English,RW_ACTUALS_English.csv,Process Safety
"During investigation of a tripping issue on Strainer 1 backwash pump, it was observed that the adjustable overload device for Strainer 2 backwash pump was set to the maximum of 25A, presumably during original commissioning. The motor's rated FLC is 14.2A at 415V, so setting the overload device to 25A effectively removes the overload protection from the motor in the event of a fault. This can result in serious damage of plant as well as the potential for fire which carries a risk to personnel.",Operational loss,MUW Strainer 2 Backwash Pump Overload Setting Too High,English,RW_ACTUALS_English.csv,Process Safety
A site survey was carried out at Blyborough Gas AGI with a FLIR methane gas detection camera and a minor gas leak was detected on the PIG Launcher door. The leak is at an outside and  hazardous area  gas zone 2 location. Further investigations with an Oxygas 500 detector could not detect the leak.,Process Safety,PIG Launcher Door minor gas leak,English,RW_ACTUALS_English.csv,Process Safety
During works to Hydrostatically Test the newly installed 12” Fire Main the line unexpected movement that resulted in the mechanical failure of the bellows installed in the line.,Process Safety,Failed Hydro Pressure Test,English,RW_ACTUALS_English.csv,Process Safety
Unit 4 A precip basement damaged floor grating.,Safety,Unit 4 A precip basement damaged floor grating.,English,RW_ACTUALS_English.csv,Non-Process Safety
Gas turbine VIGV  and VGV`s closed during night shift even when they were isolated as part of a safety document.,Process Safety,Gas Turbine VIGV and VGV`s closed when isolated,English,RW_ACTUALS_English.csv,Non-Process Safety
"Calibration factors were incorrectly changed by a Uniper operator on the 16th February 2024 following installation of the new calibration gas. This was then corrected by the Effectech engineer on the 19th February 2024 (stated day of inspection), therefore only 3-4 days of GC were be impacted. The analyser did not activate a calibration based on these incorrect values and thus no reportable information was impacted.",Asset and Reputation damage/loss,Calibration factors were incorrectly changed on gas monitoring software used to report EU ETS.,English,RW_ACTUALS_English.csv,Process Safety
"TSP Dosing solution splash on to the Shift Operation Technician's face & eyes

22/09/2022 Enfield Power Station: This evening at around 19:30, Shift Operation Technician & Trainee Shift Operation Technician were topping up the TSP Dosing tank as part of the routine operational activities.

19:32 OT reported to the CCR that while topping up the TSP Dosing Day tank, he got splash of liquid from the tank on to his face & eyes; he was wearing safety glasses and the TSP liquid splash went through the safety glasses opening (through clearances between glasses frame & nose) and entered his eyes

He has rinsed his both eyes immediately with plenty of running water a few times and he is feeling ok. We will continue monitoring. & will take appropriate action if he does not feel well during the shift. Accident report form & Golden hour investigation is in progress.",Safety,TSP Dosing solution splash on to the Shift Operation Technician's face & eyes,English,RW_ACTUALS_English.csv,Process Safety
"A noticed a group 3 youths, taking photos of the signage at the site entrance. Upon noticing that they had been identified, they proceeded to move on. 

I informed the site security team at the Gatehouse who were already aware of their presence.",Asset and Reputation damage/loss,Members of Public Taking Photos of SIte,English,RW_ACTUALS_English.csv,Process Safety
The ash hopper concrete is broken in areas on U2 A side basement.,Safety,U2 A side ash hopper - concrete,English,RW_ACTUALS_English.csv,Process Safety
Multiple issues with make-up/motive water whilst discharging UGX. Various issue with Make-up system tripping out and motive water program faulting.,Operational loss,Multiple issues with make-up/motive water whilst discharging UGX,English,RW_ACTUALS_English.csv,Process Safety
Barrier left next to the U4 generator on the A side needs returning  to storage area.,Safety,Barriers left in non-storage area,English,RW_ACTUALS_English.csv,Process Safety
Small amounts of concrete spalling observed in 5B reclaim basement. Roof above is showing signs of deterioration,Safety,Concrete Spalling in 5B Reclaim Basement,English,RW_ACTUALS_English.csv,Process Safety
"Reported by J+P. The south access ladder to the GT vent motor house has no clear means of purchase for an individual to use once they reach the top of the ladder. See photos for more detail. Suggest vertical bars are mounted on the steelwork either side of the gate that users can grab as they ascend/descend.
All units.",Safety,Access ladders to GT vent motor enclosure require modification.,English,RW_ACTUALS_English.csv,Process Safety
"U2 A Limestone addition valve lost flow resulting in no Absorber removal.  Suspect blocked valve/pipework. Loss of removal caused SO2 reading to go off scale.

U1 and U3 removal increased and stack average peaked at 500mg/m3.

U2 B limestone loop now i/s and removal improved.",Process Safety,Operational Loss - U2 Loss of limestone addition causing Stack SO2 hourly to breach,English,RW_ACTUALS_English.csv,Process Safety
"During the routine fire alarm testing, which involves the operation of a plant call point there was issues with the resetting of the systems. Further investigation required. CCR building personnel went to muster point as per procedure.
This incident was caused by a defective call point that could not be reset - fire panel fully functioning. No further action required.",Safety,Control Room fire panel alarming spuriously,English,RW_ACTUALS_English.csv,Process Safety
A contractor was found working on an item of plant that wasn’t the correct point of work as stated on his maintenance order.,Safety,Working on the wrong item of plant. EXTENDED to 14/06/22,English,RW_ACTUALS_English.csv,Process Safety
"Nightshift Check -  Message from Security - Access system is not working and I have 116 people On Site on the Rollcall at the moment they are from morning time. 

Night shifts people are not recorded at all although they manage to go inside using access card and event says “Tamper Normal” that is all.
But no idea who is On Site or Off Site because access system does not display the names of employer and contractors. 

Although I have asked help with control engineers to check it for me; the names of people who are on site. 
That’s last resort we can do at the moment is letting people manually opening Admin Veh Gate if their card not letting them Out or In.",Safety,Access Control not working correctly,English,RW_ACTUALS_English.csv,Process Safety
